CP006735.1_prot_AHB89148.1_1755	GlyX3	usc_C724
Candidatus_Synechococcus_calcipolaris	GlyX3	bc_C192
Chroococcidiopsis_thermalis_PCC_7203	GlyX3	bc_C192
Cyanothece_sp_PCC_7425	GlyX3	s_C239
MWMJ01000016.1_prot_OUE49294.1_331	GlyX3	us_C700
NZ_ADXL01000065.1_prot_WP_010309903.1_1141	GlyX3	usc_C682
NZ_AP018202.1_prot_WP_126984835.1_8	GlyX3	bc_C192
NZ_CH724158.1_prot_WP_007100847.1_828	GlyX3	usc_C682
NZ_CP018092.1_prot_WP_099799411.1_2103	GlyX3	bc_C192
NZ_JJML01000036.1_prot_WP_052128762.1_2284	GlyX3	s_C239
Synechococcus_PCC_6716	GlyX3	bc_C192
Synechococcus_PCC_6717	GlyX3	bc_C192
Synechococcus_sp_PCC_6312	GlyX3	bc_C192
Thermosynechococcus_elongatus	GlyX3	bc_C192
UniRef100_A0A011MD30	CoBaHMA_X1	bc_C487
UniRef100_A0A011NFC2	CoBaHMA_X1	bc_C487
UniRef100_A0A011PMW3	P-type	bc_C525
UniRef100_A0A017H2Y2	CoBaHMA_X1	bc_C685
UniRef100_A0A023CYT9	CoBaHMA_X1	ubc_C675
UniRef100_A0A023CZP7	CoBaHMA_X1	ubc_C4
UniRef100_A0A060DQS1	CoBaHMA_X1	bc_C202
UniRef100_A0A061PRL4	P-type	s_C744
UniRef100_A0A068PC30	ABC transporter	ubc_C520
UniRef100_A0A074LN14	CoBaHMA_X1	ubc_C675
UniRef100_A0A075KEJ9	P-type	bc_C366_1
UniRef100_A0A076FB32	CoBaHMA_X1	ubc_C201
UniRef100_A0A085HP82	CoBaHMA_X1	ubc_C352
UniRef100_A0A085HP83	CoBaHMA_X1	bc_C437
UniRef100_A0A090IC48	CoBaHMA_X1	ubc_C352
UniRef100_A0A090RSH8	P-type	sc_C710
UniRef100_A0A090RTE9	CoBaHMA_X1	bc_C437
UniRef100_A0A095XU02	CoBaHMA_X1	bc_C685
UniRef100_A0A095YRM8	P-type	us_C170
UniRef100_A0A095ZX86	CoBaHMA_X1	ubc_C233
UniRef100_A0A096BD71	P-type	s_C744
UniRef100_A0A098TJ90	GlyX3	s_C239
UniRef100_A0A098TKN0	CoBaHMA_X1	ubc_C93
UniRef100_A0A098TMM5	CoBaHMA_X1	us_C111
UniRef100_A0A098TP70	CoBaHMA_X1	us_C684
UniRef100_A0A0A0DWU8	CoBaHMA_X1	bc_C685
UniRef100_A0A0A0DZ87	CoBaHMA_X1	ubc_C233
UniRef100_A0A0A0I9N3	CoBaHMA_X1	ubc_C233
UniRef100_A0A0A0N778	CoBaHMA_X1	us_C108
UniRef100_A0A0A0X4Y4	CoBaHMA_X1	bc_C583
UniRef100_A0A0A5GCY4	CoBaHMA_X1	ubc_C521
UniRef100_A0A0A5GGF7	CoBaHMA_X1	ubc_C4
UniRef100_A0A0A5I5Q1	CoBaHMA_X1	ubc_C675
UniRef100_A0A0A7FY97	CoBaHMA_X1	bc_C685
UniRef100_A0A0B0Q544	P-type	us_C289
UniRef100_A0A0B1TUN7	CoBaHMA_X1	bc_C202
UniRef100_A0A0B2JYX0	CoBaHMA_X1	ubc_C586
UniRef100_A0A0B5DSA5	CoBaHMA_X1	us_C340
UniRef100_A0A0C1NAY7	CoBaHMA_X2	bc_C331
UniRef100_A0A0C1NBA0	Phosphatase	s_C643
UniRef100_A0A0C1NDZ5	CoBaHMA_X1	bc_C341
UniRef100_A0A0C1R8N5	CoBaHMA_X1	bc_C341
UniRef100_A0A0C2LBB3	CoBaHMA_X3	ubc_C654
UniRef100_A0A0C2Q9N9	CoBaHMA_X1	ubc_C393
UniRef100_A0A0C2QKB5	CoBaHMA_X2	s_C668
UniRef100_A0A0D0ZXH7	CoBaHMA_X1	ubc_C233
UniRef100_A0A0D2GKP7	P-type	bc_C366_1
UniRef100_A0A0D2JBG6	CoBaHMA_X1	bc_C437
UniRef100_A0A0D7WU36	P-type	us_C486
UniRef100_A0A0D8I9K8	CoBaHMA_X1	ubc_C141
UniRef100_A0A0D8IAA5	CoBaHMA_X1	bc_C685
UniRef100_A0A0D8IAB0	CoBaHMA_X1	ubc_C369
UniRef100_A0A0D8IAB8	CoBaHMA_X1	ubc_C233
UniRef100_A0A0D8ICQ0	P-type	usc_C536
UniRef100_A0A0F0HUD6	ABC transporter	bc_C538
UniRef100_A0A0F0V8U3	CoBaHMA_X1	ubc_C352
UniRef100_A0A0F2J4I4	CoBaHMA_X1	bc_C444
UniRef100_A0A0F2J518	CoBaHMA_X1	ubc_C725
UniRef100_A0A0F2J6J2	CoBaHMA_X1	bc_C75
UniRef100_A0A0F2NPA2	P-type	us_C191
UniRef100_A0A0F2RWM9	CoBaHMA_X1	bc_C437
UniRef100_A0A0F2RYR4	CoBaHMA_X1	bc_C202
UniRef100_A0A0F3FSL6	CoBaHMA_X1	bc_C685
UniRef100_A0A0F5N0P7	P-type	us_C720
UniRef100_A0A0F5YDR8	CoBaHMA_X1	ubc_C283
UniRef100_A0A0F5YFA5	CoBaHMA_X2	usc_C559
UniRef100_A0A0G3CQY0	CoBaHMA_X1	bc_C437
UniRef100_A0A0G4JX64	CoBaHMA_X1	ubc_C352
UniRef100_A0A0H4WM09	ABC transporter	ubc_C520
UniRef100_A0A0H4WQA4	P-type	bc_C525
UniRef100_A0A0H4WWI4	CoBaHMA_X1	ubc_C30
UniRef100_A0A0H5B664	CoBaHMA_X1	bc_C444
UniRef100_A0A0J1FCK3	P-type	us_C500
UniRef100_A0A0J1GRU0	CoBaHMA_X1	ubc_C352
UniRef100_A0A0J1GZN1	CoBaHMA_X1	ubc_C352
UniRef100_A0A0J6D311	CoBaHMA_X1	ubc_C521
UniRef100_A0A0J6FYF4	CoBaHMA_X1	ubc_C675
UniRef100_A0A0J6WX70	CoBaHMA_X1	bc_C399
UniRef100_A0A0J6WY85	CoBaHMA_X1	ubc_C586
UniRef100_A0A0J6WYS1	CoBaHMA_X1	bc_C399
UniRef100_A0A0K1EEA8	ABC transporter	ubc_C520
UniRef100_A0A0K1NDV4	CoBaHMA_X1	us_C80
UniRef100_A0A0K1PF41	CoBaHMA_X1	ubc_C329
UniRef100_A0A0K1PSQ0	CoBaHMA_X1	ubc_C30
UniRef100_A0A0K1RYM3	CoBaHMA_X1	ubc_C283
UniRef100_A0A0K2GJH8	CoBaHMA_X1	ubc_C329
UniRef100_A0A0K2JAE7	CoBaHMA_X1	ubc_C141
UniRef100_A0A0K2JBD5	CoBaHMA_X1	bc_C685
UniRef100_A0A0K9GCP2	CoBaHMA_X1	us_C267
UniRef100_A0A0K9I8D3	CoBaHMA_X1	bc_C437
UniRef100_A0A0L0JGQ7	CoBaHMA_X1	sc_C381
UniRef100_A0A0M0SKF3	P-type	s_C98
UniRef100_A0A0M0SSI8	CoBaHMA_X3	ubc_C654
UniRef100_A0A0M1IRX9	CoBaHMA_X1	bc_C685
UniRef100_A0A0M1VUA0	CoBaHMA_X1	ubc_C141
UniRef100_A0A0M2NDT9	CoBaHMA_X1	ubc_C233
UniRef100_A0A0M2NJS2	CoBaHMA_X1	bc_C685
UniRef100_A0A0M2URY7	CoBaHMA_X1	ubc_C725
UniRef100_A0A0M2V0M3	CoBaHMA_X1	s_C688
UniRef100_A0A0M4SRP6	CoBaHMA_X1	bc_C341
UniRef100_A0A0M4TS47	CoBaHMA_X1	s_C78
UniRef100_A0A0P0JK42	CoBaHMA_X1	bc_C437
UniRef100_A0A0P4UNN7	P-type	bc_C20
UniRef100_A0A0P4UT70	CoBaHMA_X1	usc_C196
UniRef100_A0A0P4UT86	P-type	s_C385
UniRef100_A0A0P7XXI7	CoBaHMA_X1	sc_C343
UniRef100_A0A0P8A6P9	CoBaHMA_X1	ubc_C283
UniRef100_A0A0Q2LFJ6	P-type	s_C8
UniRef100_A0A0Q2SBA7	CoBaHMA_X1	ubc_C352
UniRef100_A0A0R1LPZ2	CoBaHMA_X1	ubc_C397
UniRef100_A0A0R1M0T4	CoBaHMA_X1	ubc_C4
UniRef100_A0A0R1M1U4	CoBaHMA_X1	ubc_C675
UniRef100_A0A0R1MDS8	CoBaHMA_X1	ubc_C521
UniRef100_A0A0R1VJZ2	CoBaHMA_X1	ubc_C521
UniRef100_A0A0R1VKN6	P-type	us_C6
UniRef100_A0A0R1VLG1	CoBaHMA_X1	ubc_C675
UniRef100_A0A0R2MQD0	CoBaHMA_X1	ubc_C397
UniRef100_A0A0R2NTP6	CoBaHMA_X1	ubc_C397
UniRef100_A0A0S3TLP2	CoBaHMA_X1	s_C706
UniRef100_A0A0S3TLP9	P-type	us_C547
UniRef100_A0A0S3TMN8	CoBaHMA_X2	bc_C331
UniRef100_A0A0S3U895	P-type	us_C470
UniRef100_A0A0S3U8C3	CoBaHMA_X1	usc_C196
UniRef100_A0A0S3U8E9	P-type	bc_C429
UniRef100_A0A0S3U8J3	P-type	s_C94
UniRef100_A0A0S3UCN3	CoBaHMA_X1	us_C515
UniRef100_A0A0S3UCN9	CoBaHMA_X1	us_C60
UniRef100_A0A0S8A645	CoBaHMA_X1	bc_C75
UniRef100_A0A0S8A6L8	CoBaHMA_X1	bc_C75
UniRef100_A0A0S8A8H8	CoBaHMA_X1	bc_C399
UniRef100_A0A0S8FAZ5	P-type	bc_C556
UniRef100_A0A0S8FBP2	CoBaHMA_X1	bc_C75
UniRef100_A0A0S8G221	CoBaHMA_X1	bc_C75
UniRef100_A0A0S8G388	P-type	s_C98
UniRef100_A0A0U1CZ53	CoBaHMA_X1	usc_C235
UniRef100_A0A0U1DVV8	P-type	s_C657
UniRef100_A0A0U1NTS1	CoBaHMA_X1	ubc_C675
UniRef100_A0A0U1NTS5	CoBaHMA_X1	ubc_C4
UniRef100_A0A0U1NTS6	CoBaHMA_X1	ubc_C521
UniRef100_A0A0U5MP26	CoBaHMA_X1	bc_C487
UniRef100_A0A0W8G4S1	P-type	bc_C366_1
UniRef100_A0A0W8G5B3	CoBaHMA_X1	bc_C437
UniRef100_A0A0X3VEB3	ABC transporter	bc_C538
UniRef100_A0A0X8JKL3	CoBaHMA_X1	bc_C583
UniRef100_A0A0X8JKQ5	CoBaHMA_X1	bc_C678
UniRef100_A0A0X8JPU4	CoBaHMA_X1	bc_C437
UniRef100_A0A0X8JQ54	CoBaHMA_X1	ubc_C320
UniRef100_A0A0X8JU64	CoBaHMA_X1	ubc_C233
UniRef100_A0A0X8WU27	P-type	s_C550
UniRef100_A0A0X8WUB1	P-type	bc_C366_1
UniRef100_A0A0X8WUE7	CoBaHMA_X1	usc_C477
UniRef100_A0A0X8X9T8	CoBaHMA_X1	bc_C437
UniRef100_A0A0X8XAT4	CoBaHMA_X1	bc_C202
UniRef100_A0A0Y1C373	CoBaHMA_X1	s_C698
UniRef100_A0A101W1W0	P-type	s_C712
UniRef100_A0A109C0M5	P-type	bc_C429
UniRef100_A0A109CWR9	CoBaHMA_X1	bc_C444
UniRef100_A0A109SXH9	CoBaHMA_X1	bc_C71
UniRef100_A0A109W7E3	CoBaHMA_X1	bc_C685
UniRef100_A0A120D213	CoBaHMA_X1	usc_C47
UniRef100_A0A120D236	CoBaHMA_X1	us_C100
UniRef100_A0A120DCI9	CoBaHMA_X1	bc_C75
UniRef100_A0A120DCJ2	P-type	s_C98
UniRef100_A0A120FJA0	CoBaHMA_X1	ubc_C30
UniRef100_A0A120IZ88	CoBaHMA_X1	usc_C237
UniRef100_A0A120KNS9	CoBaHMA_X1	ubc_C141
UniRef100_A0A128EFD5	CoBaHMA_X1	ubc_C201
UniRef100_A0A133MWD3	CoBaHMA_X1	bc_C685
UniRef100_A0A133MWE7	CoBaHMA_X1	ubc_C233
UniRef100_A0A133NET9	CoBaHMA_X1	ubc_C141
UniRef100_A0A133NEV9	CoBaHMA_X1	ubc_C233
UniRef100_A0A133SC03	CoBaHMA_X1	bc_C399
UniRef100_A0A133SC07	CoBaHMA_X1	ubc_C586
UniRef100_A0A133ZVF5	CoBaHMA_X1	ubc_C233
UniRef100_A0A133ZVF7	CoBaHMA_X1	bc_C685
UniRef100_A0A134CI50	CoBaHMA_X1	bc_C399
UniRef100_A0A135YPH7	CoBaHMA_X1	s_C97
UniRef100_A0A135YPJ3	CoBaHMA_X1	bc_C685
UniRef100_A0A139K4S2	P-type	s_C658
UniRef100_A0A139R805	CoBaHMA_X1	us_C466
UniRef100_A0A139WRM2	CoBaHMA_X1	s_C373
UniRef100_A0A139WVI4	CoBaHMA_X2	bc_C331
UniRef100_A0A139WVJ3	P-type	bc_C366_1
UniRef100_A0A139XGA0	CoBaHMA_X1	bc_C341
UniRef100_A0A140K972	CoBaHMA_X2	us_C481
UniRef100_A0A140K981	CoBaHMA_X1	s_C78
UniRef100_A0A140K985	CoBaHMA_X1	bc_C341
UniRef100_A0A140K986	Phosphatase	bc_C419
UniRef100_A0A142B8M9	CoBaHMA_X1	bc_C437
UniRef100_A0A143WV82	P-type	s_C712
UniRef100_A0A150R0U6	CoBaHMA_X1	ubc_C344
UniRef100_A0A158KS12	CoBaHMA_X1	us_C644
UniRef100_A0A162QP00	CoBaHMA_X2	us_C322
UniRef100_A0A166U2B8	P-type	bc_C366_1
UniRef100_A0A167B0K0	CoBaHMA_X1	bc_C437
UniRef100_A0A172U771	CoBaHMA_X1	bc_C487
UniRef100_A0A173W4J7	CoBaHMA_X1	ubc_C586
UniRef100_A0A173W748	CoBaHMA_X1	bc_C399
UniRef100_A0A173WFS4	CoBaHMA_X1	s_C636
UniRef100_A0A173Y3L9	CoBaHMA_X1	ubc_C233
UniRef100_A0A173Y789	CoBaHMA_X1	ubc_C141
UniRef100_A0A173Y7W6	CoBaHMA_X1	bc_C685
UniRef100_A0A173YFQ2	CoBaHMA_X1	bc_C685
UniRef100_A0A177E5T3	P-type	us_C579
UniRef100_A0A177E6F7	CoBaHMA_X1	bc_C75
UniRef100_A0A177E720	CoBaHMA_X1	bc_C444
UniRef100_A0A177MIM8	P-type	bc_C525
UniRef100_A0A177N0G5	CoBaHMA_X1	bc_C487
UniRef100_A0A177NJ35	CoBaHMA_X1	ubc_C320
UniRef100_A0A177NK10	CoBaHMA_X1	bc_C487
UniRef100_A0A177NK71	P-type	bc_C525
UniRef100_A0A177NVI7	CoBaHMA_X1	bc_C202
UniRef100_A0A177Q9J8	CoBaHMA_X1	usc_C741
UniRef100_A0A177Q9Z8	P-type	s_C468
UniRef100_A0A178KMD7	CoBaHMA_X1	ubc_C352
UniRef100_A0A193BV58	CoBaHMA_X1	sc_C381
UniRef100_A0A1A0MNQ6	P-type	us_C420
UniRef100_A0A1A2TDQ2	CoBaHMA_X1	s_C383
UniRef100_A0A1A3TGW4	P-type	bc_C429_3
UniRef100_A0A1A6BM39	P-type	bc_C525
UniRef100_A0A1A6FH75	CoBaHMA_X1	bc_C444
UniRef100_A0A1A6FI36	CoBaHMA_X1	us_C449
UniRef100_A0A1A6FPT0	CoBaHMA_X1	bc_C75
UniRef100_A0A1B1I172	CoBaHMA_X1	s_C308
UniRef100_A0A1B1LHW6	CoBaHMA_X1	ubc_C521
UniRef100_A0A1B1LIA0	CoBaHMA_X1	ubc_C675
UniRef100_A0A1B1TYQ4	CoBaHMA_X1	ubc_C283
UniRef100_A0A1B3X6A4	CoBaHMA_X1	s_C702
UniRef100_A0A1B7XLA4	CoBaHMA_X1	bc_C437
UniRef100_A0A1B7XMY0	CoBaHMA_X1	bc_C437
UniRef100_A0A1C0B6J0	CoBaHMA_X1	ubc_C201
UniRef100_A0A1C0VI14	CoBaHMA_X1	bc_C341
UniRef100_A0A1C0VLK1	CoBaHMA_X1	ubc_C283
UniRef100_A0A1C3ES30	CoBaHMA_X1	ubc_C352
UniRef100_A0A1C3FAP0	P-type	us_C582
UniRef100_A0A1C5CQR0	CoBaHMA_X1	sc_C381
UniRef100_A0A1C5ELP3	CoBaHMA_X1	sc_C671
UniRef100_A0A1C5FJE0	CoBaHMA_X1	usc_C489
UniRef100_A0A1C5FXC5	CoBaHMA_X1	sc_C671
UniRef100_A0A1C5L4W9	CoBaHMA_X1	bc_C399
UniRef100_A0A1C6PWE2	P-type	bc_C525
UniRef100_A0A1C7HFJ1	CoBaHMA_X1	usc_C321
UniRef100_A0A1D2P5I6	CoBaHMA_X2	bc_C331
UniRef100_A0A1D2PDK5	Phosphatase	s_C643
UniRef100_A0A1D2PDP3	CoBaHMA_X1	bc_C341
UniRef100_A0A1D2SJF3	CoBaHMA_X1	usc_C442
UniRef100_A0A1D3RQ26	CoBaHMA_X1	bc_C487
UniRef100_A0A1D8GKE3	P-type	usc_C293
UniRef100_A0A1D9FGV0	P-type	usc_C536
UniRef100_A0A1D9FGX0	CoBaHMA_X1	ubc_C369
UniRef100_A0A1E3S7X9	P-type	us_C281
UniRef100_A0A1E3VMQ1	CoBaHMA_X1	bc_C75
UniRef100_A0A1E3VP17	CoBaHMA_X1	bc_C444
UniRef100_A0A1E3X479	CoBaHMA_X1	us_C151
UniRef100_A0A1E4FAX4	CoBaHMA_X1	bc_C75
UniRef100_A0A1E4FCY9	CoBaHMA_X1	bc_C444
UniRef100_A0A1E4FHM4	CoBaHMA_X1	bc_C444
UniRef100_A0A1E4FIF3	CoBaHMA_X1	bc_C75
UniRef100_A0A1E4Q9P7	CoBaHMA_X1	us_C436
UniRef100_A0A1E5L549	CoBaHMA_X1	ubc_C4
UniRef100_A0A1E5L599	CoBaHMA_X1	ubc_C521
UniRef100_A0A1E5L5J1	CoBaHMA_X1	ubc_C675
UniRef100_A0A1E5QEU8	CoBaHMA_X1	ubc_C283
UniRef100_A0A1E7GNB9	CoBaHMA_X1	bc_C75
UniRef100_A0A1E7GRD2	P-type	us_C503
UniRef100_A0A1E7HD04	CoBaHMA_X1	bc_C75
UniRef100_A0A1E7HD06	CoBaHMA_X1	bc_C444
UniRef100_A0A1E7I1Y7	CoBaHMA_X1	bc_C437
UniRef100_A0A1E7I361	CoBaHMA_X1	usc_C9
UniRef100_A0A1E7J4J4	P-type	bc_C366_1
UniRef100_A0A1E8EYI9	CoBaHMA_X1	ubc_C141
UniRef100_A0A1E8EYV7	CoBaHMA_X1	bc_C685
UniRef100_A0A1E8EZA4	CoBaHMA_X1	ubc_C233
UniRef100_A0A1F4KBL4	CoBaHMA_X1	bc_C202
UniRef100_A0A1F8WPG6	P-type	s_C77
UniRef100_A0A1F8WPX1	CoBaHMA_X1	us_C560
UniRef100_A0A1F9PN84	CoBaHMA_X1	bc_C399
UniRef100_A0A1G0CRD2	CoBaHMA_X1	bc_C202
UniRef100_A0A1G0CRJ2	CoBaHMA_X1	bc_C437
UniRef100_A0A1G0DQE6	P-type	bc_C525
UniRef100_A0A1G0DQE8	CoBaHMA_X1	bc_C487
UniRef100_A0A1G0LG68	CoBaHMA_X1	bc_C202
UniRef100_A0A1G0LG80	CoBaHMA_X1	ubc_C725
UniRef100_A0A1G0LIC4	CoBaHMA_X1	bc_C202
UniRef100_A0A1G0LIL9	CoBaHMA_X1	ubc_C725
UniRef100_A0A1G1D784	CoBaHMA_X1	s_C688
UniRef100_A0A1G1DAK6	CoBaHMA_X1	bc_C444
UniRef100_A0A1G1H065	CoBaHMA_X1	s_C688
UniRef100_A0A1G1H1H8	CoBaHMA_X1	bc_C75
UniRef100_A0A1G1H2U6	CoBaHMA_X1	bc_C444
UniRef100_A0A1G6EVW8	CoBaHMA_X1	bc_C437
UniRef100_A0A1G6EW57	P-type	bc_C366_1
UniRef100_A0A1G6EW64	CoBaHMA_X1	bc_C202
UniRef100_A0A1G6X0G3	P-type	bc_C366_1
UniRef100_A0A1G6X2K0	CoBaHMA_X1	bc_C437
UniRef100_A0A1G6Y2E8	P-type	s_C712
UniRef100_A0A1G7GDV4	CoBaHMA_X1	bc_C437
UniRef100_A0A1G7GEC6	CoBaHMA_X1	bc_C444
UniRef100_A0A1G7LTR0	CoBaHMA_X1	bc_C583
UniRef100_A0A1G7LTW7	CoBaHMA_X1	bc_C678
UniRef100_A0A1G7Q5M8	CoBaHMA_X1	bc_C444
UniRef100_A0A1G7QAW1	P-type	s_C712
UniRef100_A0A1G7SH27	CoBaHMA_X1	s_C636
UniRef100_A0A1G7UFE4	CoBaHMA_X1	bc_C685
UniRef100_A0A1G7UG50	CoBaHMA_X1	ubc_C141
UniRef100_A0A1G7UH73	CoBaHMA_X1	ubc_C233
UniRef100_A0A1G7UPY9	CoBaHMA_X1	bc_C444
UniRef100_A0A1G7URQ6	CoBaHMA_X1	bc_C437
UniRef100_A0A1G8PYM7	CoBaHMA_X1	ubc_C352
UniRef100_A0A1G9GYR3	CoBaHMA_X1	bc_C437
UniRef100_A0A1G9GYU2	P-type	bc_C366_1
UniRef100_A0A1G9U063	CoBaHMA_X1	s_C636
UniRef100_A0A1G9U165	CoBaHMA_X1	s_C603
UniRef100_A0A1H0C0A4	CoBaHMA_X1	ubc_C675
UniRef100_A0A1H0C0G4	CoBaHMA_X1	ubc_C521
UniRef100_A0A1H0C0W7	CoBaHMA_X1	ubc_C4
UniRef100_A0A1H0DKA2	P-type	s_C57
UniRef100_A0A1H0TUD5	CoBaHMA_X1	ubc_C586
UniRef100_A0A1H0TV94	CoBaHMA_X1	s_C636
UniRef100_A0A1H2WWA2	P-type	bc_C366_1
UniRef100_A0A1H2ZFP1	CoBaHMA_X1	sc_C55
UniRef100_A0A1H3JT92	CoBaHMA_X1	us_C708
UniRef100_A0A1H3JTU1	CoBaHMA_X1	bc_C399
UniRef100_A0A1H3JVA1	CoBaHMA_X1	bc_C75
UniRef100_A0A1H3MCZ6	CoBaHMA_X1	ubc_C233
UniRef100_A0A1H3MD70	CoBaHMA_X1	bc_C685
UniRef100_A0A1H3MDK4	CoBaHMA_X1	ubc_C141
UniRef100_A0A1H3XZM9	CoBaHMA_X1	bc_C399
UniRef100_A0A1H4BM11	CoBaHMA_X1	ubc_C578
UniRef100_A0A1H4MF07	CoBaHMA_X1	ubc_C30
UniRef100_A0A1H5WQ31	CoBaHMA_X1	bc_C437
UniRef100_A0A1H6H2H9	CoBaHMA_X1	bc_C202
UniRef100_A0A1H6H314	CoBaHMA_X1	bc_C437
UniRef100_A0A1H6HD08	CoBaHMA_X1	bc_C399
UniRef100_A0A1H6HHG5	CoBaHMA_X1	s_C702
UniRef100_A0A1H6RDF6	CoBaHMA_X1	bc_C437
UniRef100_A0A1H6UE47	P-type	us_C614
UniRef100_A0A1H7P892	CoBaHMA_X1	bc_C75
UniRef100_A0A1H7P8E5	CoBaHMA_X1	bc_C444
UniRef100_A0A1H7WUX0	CoBaHMA_X1	bc_C75
UniRef100_A0A1H7WVI7	CoBaHMA_X1	bc_C444
UniRef100_A0A1H8X658	CoBaHMA_X1	s_C636
UniRef100_A0A1H8X663	CoBaHMA_X1	s_C603
UniRef100_A0A1H8ZXA3	CoBaHMA_X1	bc_C202
UniRef100_A0A1H8ZY19	CoBaHMA_X1	bc_C437
UniRef100_A0A1H9EM27	CoBaHMA_X1	ubc_C562
UniRef100_A0A1H9WQ86	ABC transporter	us_C454
UniRef100_A0A1I0SSG2	CoBaHMA_X1	bc_C444
UniRef100_A0A1I0XAL3	CoBaHMA_X1	s_C636
UniRef100_A0A1I1YVY6	CoBaHMA_X1	ubc_C141
UniRef100_A0A1I2V2D1	P-type	bc_C556
UniRef100_A0A1I2ZQH6	CoBaHMA_X1	bc_C444
UniRef100_A0A1I2ZQL8	CoBaHMA_X1	bc_C75
UniRef100_A0A1I3E2Z9	CoBaHMA_X1	bc_C685
UniRef100_A0A1I3GHC9	CoBaHMA_X1	bc_C75
UniRef100_A0A1I3GI56	CoBaHMA_X1	bc_C399
UniRef100_A0A1I3MYU0	CoBaHMA_X1	bc_C583
UniRef100_A0A1I4I7J2	CoBaHMA_X1	usc_C260
UniRef100_A0A1I4MHL7	P-type	sc_C612
UniRef100_A0A1I6YVZ7	CoBaHMA_X1	s_C636
UniRef100_A0A1I6YWD9	CoBaHMA_X1	ubc_C586
UniRef100_A0A1J0A9T3	CoBaHMA_X1	us_C212
UniRef100_A0A1J0AA75	CoBaHMA_X1	us_C519
UniRef100_A0A1J0ABQ1	P-type	bc_C525
UniRef100_A0A1J0AFY4	P-type	bc_C366_1
UniRef100_A0A1J0DAU2	CoBaHMA_X1	ubc_C30
UniRef100_A0A1J1CTN7	CoBaHMA_X1	ubc_C141
UniRef100_A0A1J1JBB2	CoBaHMA_X1	ubc_C283
UniRef100_A0A1L3MRB3	CoBaHMA_X1	ubc_C675
UniRef100_A0A1L3MRC7	CoBaHMA_X1	ubc_C521
UniRef100_A0A1L3MRH9	CoBaHMA_X1	ubc_C4
UniRef100_A0A1L5NLU3	CoBaHMA_X1	s_C740
UniRef100_A0A1L5NM04	CoBaHMA_X1	sc_C249
UniRef100_A0A1L6LBI1	P-type	bc_C525
UniRef100_A0A1L6LCK2	CoBaHMA_X1	ubc_C329
UniRef100_A0A1L9DVL8	P-type	us_C162
UniRef100_A0A1L9QLZ0	CoBaHMA_X1	ubc_C283
UniRef100_A0A1M3LZT6	CoBaHMA_X1	bc_C202
UniRef100_A0A1M3M047	CoBaHMA_X1	bc_C437
UniRef100_A0A1M3N2M0	P-type	s_C77
UniRef100_A0A1M3N2P1	CoBaHMA_X1	ubc_C30
UniRef100_A0A1M3N6C8	P-type	s_C42
UniRef100_A0A1M3N6F4	CoBaHMA_X1	us_C3
UniRef100_A0A1M4UKF2	CoBaHMA_X1	s_C636
UniRef100_A0A1M4UKH7	CoBaHMA_X1	ubc_C586
UniRef100_A0A1M4XA72	CoBaHMA_X1	ubc_C233
UniRef100_A0A1M4XAC1	CoBaHMA_X1	ubc_C141
UniRef100_A0A1M4XAD5	CoBaHMA_X1	bc_C685
UniRef100_A0A1M6MK54	P-type	usc_C293
UniRef100_A0A1M6SSL7	CoBaHMA_X1	s_C702
UniRef100_A0A1M6SSW4	CoBaHMA_X1	s_C636
UniRef100_A0A1M7UEN5	CoBaHMA_X1	ubc_C30
UniRef100_A0A1M7YR52	CoBaHMA_X1	bc_C437
UniRef100_A0A1M7YR86	CoBaHMA_X1	ubc_C352
UniRef100_A0A1N6FUM4	CoBaHMA_X1	bc_C437
UniRef100_A0A1N6HCC9	CoBaHMA_X1	bc_C437
UniRef100_A0A1N6INU1	CoBaHMA_X1	ubc_C562
UniRef100_A0A1N6ZZ76	CoBaHMA_X1	bc_C202
UniRef100_A0A1N7C236	CoBaHMA_X1	bc_C202
UniRef100_A0A1N7C237	CoBaHMA_X1	bc_C437
UniRef100_A0A1Q2ZCU6	ABC transporter	s_C499
UniRef100_A0A1Q3H7Q6	P-type	bc_C525
UniRef100_A0A1Q4RFD9	Phosphatase	bc_C419
UniRef100_A0A1Q4RFW8	CoBaHMA_X1	usc_C357
UniRef100_A0A1Q4RIU1	P-type	s_C98
UniRef100_A0A1Q4RP66	CoBaHMA_X2	bc_C331
UniRef100_A0A1Q4RTZ3	CoBaHMA_X1	ubc_C393
UniRef100_A0A1Q4RV28	P-type	s_C550
UniRef100_A0A1Q4RV65	CoBaHMA_X1	s_C706
UniRef100_A0A1Q6L6A7	CoBaHMA_X1	sc_C245
UniRef100_A0A1Q6QD87	CoBaHMA_X1	ubc_C141
UniRef100_A0A1Q6QD95	CoBaHMA_X1	bc_C685
UniRef100_A0A1Q7DC32	CoBaHMA_X1	ubc_C294
UniRef100_A0A1Q7W4W1	CoBaHMA_X1	s_C705
UniRef100_A0A1Q7W7J8	CoBaHMA_X1	usc_C400
UniRef100_A0A1Q8QSG6	CoBaHMA_X1	bc_C202
UniRef100_A0A1Q9HRW8	CoBaHMA_X1	ubc_C352
UniRef100_A0A1R1S967	CoBaHMA_X1	s_C705
UniRef100_A0A1S1HI05	CoBaHMA_X1	ubc_C562
UniRef100_A0A1S2B4L3	CoBaHMA_X1	bc_C437
UniRef100_A0A1S8TNC8	P-type	ubc_C413
UniRef100_A0A1S9C1W5	CoBaHMA_X1	bc_C685
UniRef100_A0A1S9CF06	CoBaHMA_X1	bc_C685
UniRef100_A0A1S9CLQ0	CoBaHMA_X1	bc_C685
UniRef100_A0A1S9CQI0	CoBaHMA_X1	us_C593
UniRef100_A0A1S9CS02	CoBaHMA_X1	bc_C685
UniRef100_A0A1T4LGC5	CoBaHMA_X1	ubc_C30
UniRef100_A0A1T4VNR4	CoBaHMA_X1	bc_C437
UniRef100_A0A1T4W0S7	CoBaHMA_X1	ubc_C5
UniRef100_A0A1T4W1Y9	CoBaHMA_X1	usc_C9
UniRef100_A0A1T4W248	CoBaHMA_X1	bc_C437
UniRef100_A0A1T4W298	P-type	bc_C366_1
UniRef100_A0A1T4W2T1	CoBaHMA_X1	bc_C437
UniRef100_A0A1U6JBY4	CoBaHMA_X1	bc_C685
UniRef100_A0A1U7CQU6	P-type	bc_C140
UniRef100_A0A1U7CQW9	P-type	sc_C692
UniRef100_A0A1U7H9L4	P-type	s_C98
UniRef100_A0A1U7HB46	CoBaHMA_X1	us_C136
UniRef100_A0A1U7HLM5	CoBaHMA_X1	ubc_C283
UniRef100_A0A1U7HNL3	CoBaHMA_X1	ubc_C393
UniRef100_A0A1U7I503	CoBaHMA_X2	bc_C331
UniRef100_A0A1U7ILD7	Phosphatase	bc_C419
UniRef100_A0A1U7M7F2	CoBaHMA_X1	bc_C685
UniRef100_A0A1V1P686	P-type	us_C183
UniRef100_A0A1V1PHP6	P-type	us_C224
UniRef100_A0A1V2LVR7	CoBaHMA_X1	bc_C685
UniRef100_A0A1V2M9S9	CoBaHMA_X1	bc_C685
UniRef100_A0A1V2YDY1	CoBaHMA_X1	bc_C685
UniRef100_A0A1V2YH07	CoBaHMA_X1	bc_C685
UniRef100_A0A1V3WJZ9	CoBaHMA_X1	bc_C71
UniRef100_A0A1V3WNW9	CoBaHMA_X1	sc_C312
UniRef100_A0A1V3WRH7	CoBaHMA_X1	usc_C235
UniRef100_A0A1V3X8K7	CoBaHMA_X1	sc_C545
UniRef100_A0A1V3XU82	P-type	us_C697
UniRef100_A0A1V3XWG7	P-type	s_C657
UniRef100_A0A1V4AU67	CoBaHMA_X1	ubc_C725
UniRef100_A0A1V4EJI1	CoBaHMA_X1	sc_C528
UniRef100_A0A1V4QIV2	CoBaHMA_X1	bc_C437
UniRef100_A0A1V4S890	CoBaHMA_X1	bc_C437
UniRef100_A0A1V4S8F3	P-type	bc_C366_1
UniRef100_A0A1V4T066	CoBaHMA_X1	bc_C685
UniRef100_A0A1V5BC23	P-type	us_C683
UniRef100_A0A1V5CB33	CoBaHMA_X1	ubc_C725
UniRef100_A0A1V5CH65	CoBaHMA_X1	bc_C75
UniRef100_A0A1V5D161	CoBaHMA_X1	bc_C75
UniRef100_A0A1V5D475	CoBaHMA_X1	bc_C444
UniRef100_A0A1V8M3G1	CoBaHMA_X1	bc_C487
UniRef100_A0A1V8M7B0	CoBaHMA_X1	bc_C202
UniRef100_A0A1V8MA28	P-type	bc_C525
UniRef100_A0A1V9V9P2	CoBaHMA_X1	ubc_C201
UniRef100_A0A1W1I926	P-type	bc_C140
UniRef100_A0A1W1I9M9	CoBaHMA_X1	usc_C741
UniRef100_A0A1W2CMM0	CoBaHMA_X1	s_C603
UniRef100_A0A1W2CPC7	CoBaHMA_X1	bc_C399
UniRef100_A0A1W2DQF6	P-type	us_C703
UniRef100_A0A1W2DQT4	P-type	sc_C612
UniRef100_A0A1W6CQD9	CoBaHMA_X1	bc_C487_2
UniRef100_A0A1W6MQH6	CoBaHMA_X1	us_C131
UniRef100_A0A1W6MZJ3	CoBaHMA_X1	bc_C444
UniRef100_A0A1W9VZN9	CoBaHMA_X1	usc_C600
UniRef100_A0A1W9WFA7	CoBaHMA_X1	usc_C600
UniRef100_A0A1W9WRC9	CoBaHMA_X1	usc_C47
UniRef100_A0A1W9WRJ5	CoBaHMA_X1	us_C368
UniRef100_A0A1W9WRZ3	P-type	bc_C525
UniRef100_A0A1W9WSZ0	CoBaHMA_X1	usc_C600
UniRef100_A0A1X1Q4S4	CoBaHMA_X1	ubc_C586
UniRef100_A0A1X1Q4Y0	CoBaHMA_X1	s_C636
UniRef100_A0A1X1VXP7	P-type	bc_C429
UniRef100_A0A1X1YR34	P-type	bc_C525
UniRef100_A0A1X1ZJB8	P-type	bc_C366_1
UniRef100_A0A1X2LUD1	CoBaHMA_X1	bc_C71
UniRef100_A0A1X9LDH0	CoBaHMA_X1	usc_C410
UniRef100_A0A1Y0RQA0	Phosphatase	s_C643
UniRef100_A0A1Y0RV94	CoBaHMA_X2	bc_C331
UniRef100_A0A1Y0RX98	CoBaHMA_X1	ubc_C393
UniRef100_A0A1Y3A115	CoBaHMA_X1	bc_C487
UniRef100_A0A1Y3A2N4	P-type	bc_C525
UniRef100_A0A1Y3THP1	P-type	bc_C366_1
UniRef100_A0A1Y4CHG4	CoBaHMA_X1	ubc_C586
UniRef100_A0A1Y4CY52	CoBaHMA_X1	us_C193
UniRef100_A0A1Y4D695	CoBaHMA_X1	bc_C583
UniRef100_A0A1Y5DJ60	CoBaHMA_X1	ubc_C201
UniRef100_A0A1Y6CVZ1	P-type	bc_C140
UniRef100_A0A1Y6D2A9	CoBaHMA_X1	bc_C487
UniRef100_A0A1Y6D822	CoBaHMA_X1	ubc_C393
UniRef100_A0A1Z4FYY9	CoBaHMA_X2	us_C363
UniRef100_A0A1Z4FYZ0	CoBaHMA_X1	ubc_C393
UniRef100_A0A1Z4G1J0	Phosphatase	bc_C419
UniRef100_A0A1Z4G239	CoBaHMA_X1	bc_C341
UniRef100_A0A1Z4GNT8	Phosphatase	bc_C419
UniRef100_A0A1Z4I731	CoBaHMA_X2	bc_C331
UniRef100_A0A1Z4IAU4	CoBaHMA_X1	ubc_C393
UniRef100_A0A1Z4IKL9	CoBaHMA_X1	ubc_C393
UniRef100_A0A1Z4IKP2	CoBaHMA_X2	s_C668
UniRef100_A0A1Z4L933	Phosphatase	bc_C419
UniRef100_A0A1Z4LFW3	CoBaHMA_X1	bc_C341
UniRef100_A0A1Z4NHN5	Phosphatase	bc_C419
UniRef100_A0A1Z4NJN4	P-type	bc_C366_1
UniRef100_A0A1Z4NNK1	CoBaHMA_X1	ubc_C393
UniRef100_A0A1Z4NNL1	P-type	bc_C366_1
UniRef100_A0A1Z4NNN6	CoBaHMA_X2	s_C668
UniRef100_A0A1Z4PZ53	CoBaHMA_X1	us_C509
UniRef100_A0A1Z4QHN9	CoBaHMA_X2	us_C365
UniRef100_A0A1Z4QHU3	CoBaHMA_X1	ubc_C393
UniRef100_A0A1Z4R6H4	P-type	bc_C366_1
UniRef100_A0A1Z4R6J3	CoBaHMA_X2	s_C668
UniRef100_A0A1Z4R6J8	CoBaHMA_X1	ubc_C393
UniRef100_A0A1Z4RGL5	Phosphatase	s_C643
UniRef100_A0A1Z4S7A2	CoBaHMA_X1	sc_C628
UniRef100_A0A1Z4SGK5	Phosphatase	bc_C419
UniRef100_A0A1Z4TIR0	CoBaHMA_X3	ubc_C654
UniRef100_A0A1Z4TLH5	Phosphatase	bc_C419
UniRef100_A0A1Z4TPU0	CoBaHMA_X1	sc_C623
UniRef100_A0A1Z5H6R7	CoBaHMA_X1	us_C79
UniRef100_A0A212J8Z0	CoBaHMA_X1	bc_C583
UniRef100_A0A212L0M4	CoBaHMA_X1	bc_C678
UniRef100_A0A212LF52	CoBaHMA_X1	bc_C437
UniRef100_A0A212M037	CoBaHMA_X1	s_C603
UniRef100_A0A212PF33	CoBaHMA_X1	bc_C202
UniRef100_A0A212Q080	CoBaHMA_X1	bc_C437
UniRef100_A0A218Q7J5	CoBaHMA_X2	s_C599
UniRef100_A0A218QNF3	CoBaHMA_X2	sc_C628
UniRef100_A0A218QNJ6	CoBaHMA_X1	bc_C341
UniRef100_A0A220XV70	P-type	us_C439
UniRef100_A0A222P823	CoBaHMA_X1	bc_C685
UniRef100_A0A231P312	CoBaHMA_X1	bc_C583
UniRef100_A0A231P397	CoBaHMA_X1	bc_C678
UniRef100_A0A238XTR4	CoBaHMA_X1	ubc_C106
UniRef100_A0A238XV50	P-type	bc_C366_1
UniRef100_A0A239D6V2	P-type	bc_C366_1
UniRef100_A0A239D842	CoBaHMA_X1	bc_C437
UniRef100_A0A239D9F0	P-type	bc_C366_1
UniRef100_A0A242B9M7	P-type	s_C712
UniRef100_A0A243S578	ABC transporter	bc_C538
UniRef100_A0A250BA82	P-type	s_C712
UniRef100_A0A250KWC7	CoBaHMA_X1	bc_C75
UniRef100_A0A250KWM5	P-type	bc_C556
UniRef100_A0A250KZ70	P-type	bc_C366_1
UniRef100_A0A250KZI9	CoBaHMA_X1	ubc_C393
UniRef100_A0A251X9X8	CoBaHMA_X1	bc_C444
UniRef100_A0A251XA19	CoBaHMA_X1	bc_C437
UniRef100_A0A251XB54	P-type	bc_C366_1
UniRef100_A0A251Z9T8	P-type	us_C250
UniRef100_A0A252CRG6	Phosphatase	bc_C419
UniRef100_A0A252CRI1	CoBaHMA_X1	bc_C341
UniRef100_A0A252CSE5	CoBaHMA_X2	us_C364
UniRef100_A0A252D3C8	CoBaHMA_X1	bc_C341
UniRef100_A0A252DMZ4	CoBaHMA_X2	sc_C628
UniRef100_A0A257MWT8	CoBaHMA_X1	sc_C159
UniRef100_A0A257N2D6	P-type	us_C729
UniRef100_A0A257NA36	P-type	bc_C525
UniRef100_A0A257NBJ3	CoBaHMA_X1	bc_C487
UniRef100_A0A257NFC5	CoBaHMA_X1	bc_C487
UniRef100_A0A261KQL5	CoBaHMA_X1	ubc_C283
UniRef100_A0A264T7N0	CoBaHMA_X1	ubc_C352
UniRef100_A0A267MLA1	CoBaHMA_X1	ubc_C369
UniRef100_A0A267MLH6	P-type	ubc_C413
UniRef100_A0A268JFZ7	CoBaHMA_X1	ubc_C675
UniRef100_A0A268JG21	CoBaHMA_X1	ubc_C521
UniRef100_A0A272EP38	CoBaHMA_X1	bc_C202
UniRef100_A0A272EQ87	CoBaHMA_X1	bc_C437
UniRef100_A0A286C2F0	CoBaHMA_X1	bc_C444
UniRef100_A0A286C2H3	CoBaHMA_X1	bc_C75
UniRef100_A0A290ZPY4	CoBaHMA_X1	bc_C437
UniRef100_A0A290ZQ20	CoBaHMA_X1	ubc_C320
UniRef100_A0A291INB3	P-type	bc_C525
UniRef100_A0A2A2TE09	CoBaHMA_X1	ubc_C393
UniRef100_A0A2A2TE54	CoBaHMA_X2	us_C530
UniRef100_A0A2A3HNA2	CoBaHMA_X1	s_C679
UniRef100_A0A2A4T140	CoBaHMA_X1	us_C517
UniRef100_A0A2A5H7X1	ABC transporter	us_C323
UniRef100_A0A2A5HBM4	ABC transporter	us_C231
UniRef100_A0A2B5WPS7	CoBaHMA_X1	ubc_C521
UniRef100_A0A2C4QFZ7	CoBaHMA_X1	ubc_C4
UniRef100_A0A2C4QZG5	CoBaHMA_X1	ubc_C675
UniRef100_A0A2C5GRE1	CoBaHMA_X1	us_C611
UniRef100_A0A2C6DUH2	CoBaHMA_X1	bc_C437
UniRef100_A0A2C6WG84	Phosphatase	bc_C419
UniRef100_A0A2C8FDY8	CoBaHMA_X1	bc_C437
UniRef100_A0A2C9D111	CoBaHMA_X1	bc_C75
UniRef100_A0A2C9D198	P-type	bc_C556
UniRef100_A0A2D0H8L3	CoBaHMA_X1	s_C687
UniRef100_A0A2D2Q2L3	P-type	bc_C20
UniRef100_A0A2D2Q3J4	GlyX3	bc_C192
UniRef100_A0A2D3VWF2	P-type	bc_C366_1
UniRef100_A0A2D3VWG2	CoBaHMA_X1	ubc_C201
UniRef100_A0A2D3WFL3	CoBaHMA_X1	ubc_C201
UniRef100_A0A2D4VLI0	CoBaHMA_X1	us_C572
UniRef100_A0A2D4VLI1	P-type	s_C98
UniRef100_A0A2D7E6E8	P-type	bc_C140
UniRef100_A0A2E3R6L9	CoBaHMA_X1	bc_C437
UniRef100_A0A2E3UDM8	CoBaHMA_X1	ubc_C562
UniRef100_A0A2E6QNE0	CoBaHMA_X1	bc_C437
UniRef100_A0A2E6QNN0	CoBaHMA_X1	bc_C75
UniRef100_A0A2E6QPR2	P-type	bc_C556
UniRef100_A0A2G1DEM6	CoBaHMA_X1	ubc_C201
UniRef100_A0A2G2DR68	CoBaHMA_X1	bc_C437
UniRef100_A0A2G2DR72	P-type	us_C689
UniRef100_A0A2G2DRT0	P-type	bc_C366_1
UniRef100_A0A2G2HG50	CoBaHMA_X1	ubc_C201
UniRef100_A0A2G3PU42	CoBaHMA_X1	bc_C685
UniRef100_A0A2G4HJI9	P-type	us_C694
UniRef100_A0A2G4HJT9	P-type	sc_C656
UniRef100_A0A2G4IY53	P-type	s_C386
UniRef100_A0A2G5QQI6	P-type	s_C670
UniRef100_A0A2G6CKA1	CoBaHMA_X1	ubc_C141
UniRef100_A0A2G6DDK7	P-type	s_C40
UniRef100_A0A2G6DDM2	CoBaHMA_X1	ubc_C201
UniRef100_A0A2G6E692	P-type	bc_C366_1
UniRef100_A0A2G6FBK5	CoBaHMA_X1	bc_C685
UniRef100_A0A2G6FCK7	CoBaHMA_X1	ubc_C141
UniRef100_A0A2G6FCS1	CoBaHMA_X1	ubc_C233
UniRef100_A0A2G6FHY7	P-type	bc_C366_1
UniRef100_A0A2G6FI64	P-type	bc_C366_1
UniRef100_A0A2G6FLX9	P-type	us_C295
UniRef100_A0A2G6FS01	CoBaHMA_X1	bc_C437
UniRef100_A0A2G6FTB8	P-type	bc_C366_1
UniRef100_A0A2G6HLF5	CoBaHMA_X1	us_C248
UniRef100_A0A2G6KWP3	CoBaHMA_X1	bc_C202
UniRef100_A0A2G6L6E8	CoBaHMA_X1	bc_C202
UniRef100_A0A2G6MAJ0	P-type	bc_C366_1
UniRef100_A0A2G6MAZ9	CoBaHMA_X1	bc_C437
UniRef100_A0A2G6MF16	CoBaHMA_X1	bc_C437
UniRef100_A0A2G6MFJ6	P-type	bc_C366_1
UniRef100_A0A2G6MZ28	CoBaHMA_X1	bc_C437
UniRef100_A0A2G6MZB0	P-type	bc_C429
UniRef100_A0A2G6N8U9	CoBaHMA_X1	bc_C437
UniRef100_A0A2G6N993	P-type	bc_C366_1
UniRef100_A0A2G6N9C6	P-type	bc_C366_1
UniRef100_A0A2G6N9F9	P-type	bc_C366_1
UniRef100_A0A2G6NCH6	P-type	bc_C366_1
UniRef100_A0A2G6NDW3	P-type	bc_C525
UniRef100_A0A2G6NIN0	P-type	bc_C366_1
UniRef100_A0A2G6NJ81	CoBaHMA_X1	bc_C437
UniRef100_A0A2G6NJD9	CoBaHMA_X1	bc_C437
UniRef100_A0A2G6NMQ3	P-type	bc_C366_1
UniRef100_A0A2G6NMV0	P-type	us_C739
UniRef100_A0A2G6NNY4	CoBaHMA_X1	bc_C437
UniRef100_A0A2G6NQL8	P-type	us_C180
UniRef100_A0A2G6R442	P-type	us_C244
UniRef100_A0A2G6R7K1	CoBaHMA_X1	ubc_C201
UniRef100_A0A2G6R7R4	P-type	bc_C366_1
UniRef100_A0A2G9WZR3	CoBaHMA_X1	bc_C202
UniRef100_A0A2H2WZ68	CoBaHMA_X1	ubc_C393
UniRef100_A0A2H2XBG2	GlyX3	us_C119
UniRef100_A0A2H2XCJ1	CoBaHMA_X1	s_C86
UniRef100_A0A2H2XPK7	CoBaHMA_X1	bc_C341
UniRef100_A0A2H2XX78	CoBaHMA_X1	usc_C357
UniRef100_A0A2H2Y2L1	CoBaHMA_X1	s_C706
UniRef100_A0A2H2Y8W7	P-type	bc_C20
UniRef100_A0A2H2Y967	Phosphatase	bc_C419
UniRef100_A0A2H2YM85	CoBaHMA_X2	s_C668
UniRef100_A0A2H5WG79	CoBaHMA_X1	ubc_C106
UniRef100_A0A2H6LBF2	CoBaHMA_X2	bc_C331
UniRef100_A0A2I8A387	Phosphatase	bc_C419
UniRef100_A0A2I8AFJ9	P-type	us_C242
UniRef100_A0A2I8AFK9	CoBaHMA_X1	ubc_C393
UniRef100_A0A2I8AFN0	CoBaHMA_X2	bc_C331
UniRef100_A0A2I8AGR4	CoBaHMA_X1	bc_C341
UniRef100_A0A2J6X0N1	CoBaHMA_X1	ubc_C106
UniRef100_A0A2J6X0U0	P-type	bc_C366_1
UniRef100_A0A2J8B3H4	P-type	bc_C366_1
UniRef100_A0A2J8BAF9	CoBaHMA_X1	ubc_C586
UniRef100_A0A2K8T005	CoBaHMA_X1	bc_C341
UniRef100_A0A2K8T286	CoBaHMA_X1	s_C577
UniRef100_A0A2K8T2E9	CoBaHMA_X1	s_C706
UniRef100_A0A2K8T6C3	P-type	s_C385
UniRef100_A0A2K8T6N3	CoBaHMA_X1	us_C518
UniRef100_A0A2K8T897	P-type	bc_C429
UniRef100_A0A2K8T8C0	P-type	s_C510
UniRef100_A0A2K8T9L1	CoBaHMA_X1	sc_C623
UniRef100_A0A2K9EX83	ABC transporter	bc_C538
UniRef100_A0A2K9I4N0	CoBaHMA_X1	ubc_C397
UniRef100_A0A2L0ELQ4	P-type	us_C598
UniRef100_A0A2L0ELU8	CoBaHMA_X1	ubc_C344
UniRef100_A0A2L1GLS8	CoBaHMA_X1	bc_C678
UniRef100_A0A2L1GM80	CoBaHMA_X1	us_C659
UniRef100_A0A2L1GMA8	CoBaHMA_X1	us_C215
UniRef100_A0A2L2XEP1	P-type	us_C46
UniRef100_A0A2M6VQL8	P-type	bc_C366_1
UniRef100_A0A2M6VQQ6	CoBaHMA_X1	ubc_C30
UniRef100_A0A2M7KL94	CoBaHMA_X1	bc_C685
UniRef100_A0A2M7KLA2	CoBaHMA_X1	ubc_C141
UniRef100_A0A2M9G3B5	P-type	bc_C556
UniRef100_A0A2M9G3D9	CoBaHMA_X1	bc_C75
UniRef100_A0A2M9KQM5	ABC transporter	bc_C538
UniRef100_A0A2N1J416	CoBaHMA_X1	ubc_C201
UniRef100_A0A2N1ZRV3	P-type	s_C84
UniRef100_A0A2N3PWC4	CoBaHMA_X1	bc_C202
UniRef100_A0A2N3PWG4	CoBaHMA_X1	bc_C437
UniRef100_A0A2N5GYD3	CoBaHMA_X1	ubc_C521
UniRef100_A0A2N5GYD4	CoBaHMA_X1	ubc_C675
UniRef100_A0A2N5GYE4	CoBaHMA_X1	ubc_C4
UniRef100_A0A2N5XH77	CoBaHMA_X1	us_C507
UniRef100_A0A2N6FRK5	CoBaHMA_X1	ubc_C201
UniRef100_A0A2N6FYY6	CoBaHMA_X1	ubc_C201
UniRef100_A0A2N6JYX2	CoBaHMA_X1	s_C373
UniRef100_A0A2N6K2R0	CoBaHMA_X1	bc_C341
UniRef100_A0A2N6K2S3	Phosphatase	bc_C419
UniRef100_A0A2N6KF32	Phosphatase	bc_C419
UniRef100_A0A2N6KKA3	P-type	s_C550
UniRef100_A0A2N6ME28	CoBaHMA_X3	ubc_C654
UniRef100_A0A2N7Q3R3	P-type	s_C712
UniRef100_A0A2N7Q3S9	CoBaHMA_X1	usc_C356
UniRef100_A0A2N8THP2	CoBaHMA_X1	s_C87
UniRef100_A0A2N9YA11	CoBaHMA_X1	bc_C437
UniRef100_A0A2N9YA15	CoBaHMA_X1	bc_C444
UniRef100_A0A2P2FKV9	CoBaHMA_X1	usc_C382
UniRef100_A0A2P5MXK4	CoBaHMA_X1	bc_C487
UniRef100_A0A2P5NAB0	P-type	bc_C525
UniRef100_A0A2P5NAG3	CoBaHMA_X1	bc_C487
UniRef100_A0A2P5NFI2	P-type	bc_C556
UniRef100_A0A2P5NX48	P-type	bc_C525
UniRef100_A0A2P8QNG7	P-type	bc_C366_1
UniRef100_A0A2P8QYZ5	P-type	us_C290
UniRef100_A0A2P8QZ03	CoBaHMA_X1	ubc_C201
UniRef100_A0A2R3JP28	CoBaHMA_X1	ubc_C397
UniRef100_A0A2R4BRA1	CoBaHMA_X1	ubc_C320
UniRef100_A0A2R4BRB2	CoBaHMA_X1	bc_C437
UniRef100_A0A2R4GTT2	CoBaHMA_X1	bc_C437
UniRef100_A0A2R4GU04	CoBaHMA_X1	bc_C202
UniRef100_A0A2R5FHR6	CoBaHMA_X2	sc_C628
UniRef100_A0A2R5FM75	CoBaHMA_X1	ubc_C393
UniRef100_A0A2S2C0A9	CoBaHMA_X1	usc_C92
UniRef100_A0A2S5KMH5	P-type	us_C53
UniRef100_A0A2S6IG45	CoBaHMA_X1	us_C371
UniRef100_A0A2S6MX75	CoBaHMA_X1	bc_C437
UniRef100_A0A2S8KJB0	CoBaHMA_X1	sc_C312
UniRef100_A0A2S8NG53	CoBaHMA_X1	s_C51
UniRef100_A0A2S9PN60	CoBaHMA_X1	us_C309
UniRef100_A0A2S9SZZ6	CoBaHMA_X1	ubc_C201
UniRef100_A0A2T0BQL4	CoBaHMA_X1	ubc_C369
UniRef100_A0A2T0BQR3	P-type	ubc_C413
UniRef100_A0A2T2RNG9	CoBaHMA_X2	usc_C214
UniRef100_A0A2T2RNK1	CoBaHMA_X1	ubc_C393
UniRef100_A0A2T3NP43	CoBaHMA_X1	ubc_C352
UniRef100_A0A2T3QLA8	CoBaHMA_X1	bc_C437
UniRef100_A0A2T3XN02	P-type	bc_C556
UniRef100_A0A2T3XN20	CoBaHMA_X1	bc_C75
UniRef100_A0A2T3XN59	CoBaHMA_X1	ubc_C393
UniRef100_A0A2T4IBF4	CoBaHMA_X1	bc_C437
UniRef100_A0A2T4IBG5	CoBaHMA_X1	ubc_C320
UniRef100_A0A2T5C9B1	CoBaHMA_X1	bc_C437
UniRef100_A0A2T5C9B6	CoBaHMA_X1	bc_C202
UniRef100_A0A2T5G0I5	CoBaHMA_X1	bc_C444
UniRef100_A0A2T5G0I9	P-type	s_C42
UniRef100_A0A2T5HJZ5	CoBaHMA_X1	bc_C444
UniRef100_A0A2T5IE83	CoBaHMA_X1	bc_C75
UniRef100_A0A2T5JWD8	P-type	s_C98
UniRef100_A0A2T5JWD9	CoBaHMA_X1	bc_C444
UniRef100_A0A2T5JWQ4	CoBaHMA_X1	bc_C75
UniRef100_A0A2T6D4E5	P-type	sc_C154
UniRef100_A0A2T6D4F1	P-type	bc_C140
UniRef100_A0A2T6DAZ6	P-type	us_C390
UniRef100_A0A2T6DLS5	P-type	bc_C140
UniRef100_A0A2U0AB95	P-type	us_C223
UniRef100_A0A2U0AB96	CoBaHMA_X1	usc_C35
UniRef100_A0A2U1SJN7	P-type	bc_C556
UniRef100_A0A2U1TP56	CoBaHMA_X1	bc_C437
UniRef100_A0A2U1UB27	CoBaHMA_X1	bc_C437
UniRef100_A0A2U1W152	CoBaHMA_X1	bc_C437
UniRef100_A0A2U1W1I1	CoBaHMA_X1	bc_C202
UniRef100_A0A2U3JXK8	CoBaHMA_X1	bc_C444
UniRef100_A0A2U3JXM1	CoBaHMA_X1	bc_C437
UniRef100_A0A2U3JXS2	P-type	bc_C556
UniRef100_A0A2U3JXY9	CoBaHMA_X1	ubc_C393
UniRef100_A0A2U3KEC8	P-type	bc_C366_1
UniRef100_A0A2U3KEF7	CoBaHMA_X1	us_C414
UniRef100_A0A2U3KUJ9	CoBaHMA_X1	ubc_C30
UniRef100_A0A2U3L2W0	CoBaHMA_X1	bc_C444
UniRef100_A0A2U3L812	CoBaHMA_X1	ubc_C141
UniRef100_A0A2U3L821	CoBaHMA_X1	bc_C685
UniRef100_A0A2U3L8A6	CoBaHMA_X1	ubc_C233
UniRef100_A0A2U8FD30	CoBaHMA_X1	ubc_C201
UniRef100_A0A2V2EK45	CoBaHMA_X1	bc_C685
UniRef100_A0A2V2ENV7	CoBaHMA_X1	ubc_C141
UniRef100_A0A2V2G219	P-type	bc_C366_1
UniRef100_A0A2V2G6L9	CoBaHMA_X1	bc_C202
UniRef100_A0A2V2SQZ1	P-type	sc_C710
UniRef100_A0A2V2ST91	CoBaHMA_X1	ubc_C294
UniRef100_A0A2V2SXS5	CoBaHMA_X1	bc_C437
UniRef100_A0A2V3VV59	CoBaHMA_X1	ubc_C675
UniRef100_A0A2V6Q1W4	CoBaHMA_X1	ubc_C294
UniRef100_A0A2V6VXD3	P-type	us_C647
UniRef100_A0A2V6WFK0	P-type	us_C514
UniRef100_A0A2V6WMX9	CoBaHMA_X1	ubc_C294
UniRef100_A0A2V6ZKS8	P-type	bc_C556
UniRef100_A0A2V6ZQB4	CoBaHMA_X1	ubc_C294
UniRef100_A0A2V7B4L6	CoBaHMA_X1	ubc_C294
UniRef100_A0A2W2DKB1	CoBaHMA_X1	s_C51
UniRef100_A0A2W4NME6	CoBaHMA_X1	us_C722
UniRef100_A0A2W4QH42	CoBaHMA_X1	bc_C487
UniRef100_A0A2W4QHM6	P-type	sc_C7
UniRef100_A0A2W4RFL8	CoBaHMA_X1	ubc_C393
UniRef100_A0A2W4TDG5	P-type	bc_C525
UniRef100_A0A2W5Y125	P-type	s_C712
UniRef100_A0A2W5YXT7	CoBaHMA_X1	ubc_C393
UniRef100_A0A2W5ZGY9	CoBaHMA_X1	us_C358
UniRef100_A0A2W6AZD0	CoBaHMA_X2	us_C558
UniRef100_A0A2W6BRH6	ABC transporter	bc_C538
UniRef100_A0A2W7IJG3	P-type	s_C42
UniRef100_A0A2W7J584	CoBaHMA_X1	bc_C75_1
UniRef100_A0A2Y9U1N0	CoBaHMA_X1	ubc_C352
UniRef100_A0A2Z5SQ36	CoBaHMA_X1	bc_C202
UniRef100_A0A2Z5YB78	P-type	s_C91
UniRef100_A0A2Z6AYN8	CoBaHMA_X1	bc_C437
UniRef100_A0A2Z6CPK7	P-type	bc_C525
UniRef100_A0A2Z6CYD0	CoBaHMA_X1	bc_C341
UniRef100_A0A2Z6IBE9	P-type	s_C658
UniRef100_A0A2Z6IGK5	CoBaHMA_X1	ubc_C584
UniRef100_A0A316ML30	CoBaHMA_X1	bc_C202
UniRef100_A0A317MWF7	CoBaHMA_X1	bc_C437
UniRef100_A0A317MWG6	CoBaHMA_X1	bc_C202
UniRef100_A0A317MXQ3	CoBaHMA_X1	bc_C444
UniRef100_A0A317QMS6	P-type	us_C616
UniRef100_A0A318CNJ3	CoBaHMA_X1	bc_C75
UniRef100_A0A318CZF1	CoBaHMA_X1	bc_C437
UniRef100_A0A318D2B3	P-type	bc_C366_1
UniRef100_A0A318JWS4	ABC transporter	bc_C538
UniRef100_A0A323UFR9	CoBaHMA_X1	bc_C437
UniRef100_A0A323UH66	CoBaHMA_X1	bc_C444
UniRef100_A0A327JGN8	CoBaHMA_X1	bc_C437
UniRef100_A0A327JJQ2	P-type	bc_C366_1
UniRef100_A0A328I9P3	CoBaHMA_X3	ubc_C654
UniRef100_A0A329EI42	CoBaHMA_X1	ubc_C675
UniRef100_A0A329EKI4	CoBaHMA_X1	ubc_C4
UniRef100_A0A329KD71	CoBaHMA_X1	sc_C545
UniRef100_A0A329KV27	P-type	s_C681
UniRef100_A0A329ZIL6	CoBaHMA_X1	ubc_C201
UniRef100_A0A329ZW13	CoBaHMA_X1	ubc_C201
UniRef100_A0A345HJ89	ABC transporter	s_C499
UniRef100_A0A345T3B2	ABC transporter	bc_C538
UniRef100_A0A347TMU5	CoBaHMA_X1	ubc_C201
UniRef100_A0A347WMV1	P-type	s_C712
UniRef100_A0A348RX01	CoBaHMA_X1	us_C645
UniRef100_A0A348RZ36	P-type	us_C447
UniRef100_A0A348YNR3	CoBaHMA_X1	bc_C399
UniRef100_A0A348YNR4	CoBaHMA_X1	usc_C333
UniRef100_A0A349DCI7	CoBaHMA_X1	sc_C396
UniRef100_A0A349HFF9	CoBaHMA_X1	bc_C437
UniRef100_A0A350D033	CoBaHMA_X1	usc_C82
UniRef100_A0A350XDQ4	CoBaHMA_X1	us_C561
UniRef100_A0A350XDQ7	CoBaHMA_X1	usc_C730
UniRef100_A0A350XDQ8	CoBaHMA_X2	s_C687
UniRef100_A0A350Y0T1	CoBaHMA_X1	us_C14
UniRef100_A0A351B1T5	CoBaHMA_X1	ubc_C329
UniRef100_A0A351BE08	CoBaHMA_X1	sc_C159
UniRef100_A0A351KQH9	P-type	bc_C556
UniRef100_A0A351KRH4	P-type	us_C625
UniRef100_A0A351KRH8	P-type	s_C386
UniRef100_A0A351KX86	CoBaHMA_X2	s_C409
UniRef100_A0A351KX87	CoBaHMA_X1	s_C706
UniRef100_A0A351L2M0	CoBaHMA_X1	ubc_C393
UniRef100_A0A351L2M3	CoBaHMA_X1	usc_C730
UniRef100_A0A351L2M4	CoBaHMA_X2	s_C687
UniRef100_A0A351LBP5	P-type	s_C395
UniRef100_A0A351QCS6	CoBaHMA_X1	bc_C583
UniRef100_A0A351V2S1	P-type	us_C613
UniRef100_A0A351V2S4	CoBaHMA_X1	bc_C75
UniRef100_A0A351WUV5	CoBaHMA_X1	ubc_C725
UniRef100_A0A351WUV8	CoBaHMA_X1	bc_C202
UniRef100_A0A351Z0B2	P-type	s_C712
UniRef100_A0A351Z0B3	CoBaHMA_X1	bc_C583
UniRef100_A0A352AFP0	P-type	s_C712
UniRef100_A0A352AFP1	CoBaHMA_X2	s_C266
UniRef100_A0A352AL50	CoBaHMA_X1	ubc_C393
UniRef100_A0A352LP97	CoBaHMA_X1	ubc_C584
UniRef100_A0A352NUA0	P-type	ubc_C413
UniRef100_A0A352NUA1	CoBaHMA_X1	ubc_C369
UniRef100_A0A353EVY0	P-type	s_C669
UniRef100_A0A353MD06	CoBaHMA_X1	ubc_C725
UniRef100_A0A353MD09	CoBaHMA_X1	bc_C202
UniRef100_A0A353S9Q1	CoBaHMA_X1	bc_C583
UniRef100_A0A354U634	CoBaHMA_X1	bc_C685
UniRef100_A0A355DTY6	CoBaHMA_X2	s_C409
UniRef100_A0A355F9I3	P-type	bc_C366_1
UniRef100_A0A355Q1H1	P-type	us_C594
UniRef100_A0A356A0K3	CoBaHMA_X1	us_C347
UniRef100_A0A356BG87	P-type	us_C34
UniRef100_A0A357A6G2	CoBaHMA_X1	s_C706
UniRef100_A0A357IA32	CoBaHMA_X1	bc_C437
UniRef100_A0A357IFU3	CoBaHMA_X1	bc_C444
UniRef100_A0A357IGT5	P-type	bc_C366_1
UniRef100_A0A357Y5L1	CoBaHMA_X1	bc_C399
UniRef100_A0A357YUP6	P-type	bc_C525
UniRef100_A0A357YW62	P-type	bc_C366_1
UniRef100_A0A363D422	CoBaHMA_X1	ubc_C201
UniRef100_A0A363D809	CoBaHMA_X1	ubc_C201
UniRef100_A0A363SI62	CoBaHMA_X1	bc_C487
UniRef100_A0A363SI65	P-type	bc_C525
UniRef100_A0A364NTA9	CoBaHMA_X1	bc_C487
UniRef100_A0A365U6C1	CoBaHMA_X1	ubc_C562
UniRef100_A0A366C183	CoBaHMA_X1	bc_C444
UniRef100_A0A366MQ31	CoBaHMA_X1	ubc_C201
UniRef100_A0A366N0Y6	CoBaHMA_X1	ubc_C201
UniRef100_A0A366XQZ5	CoBaHMA_X1	ubc_C521
UniRef100_A0A366XT82	CoBaHMA_X1	ubc_C4
UniRef100_A0A366XXT8	CoBaHMA_X1	ubc_C675
UniRef100_A0A367QF88	CoBaHMA_X2	s_C668
UniRef100_A0A367QH07	Phosphatase	bc_C419
UniRef100_A0A367QV16	CoBaHMA_X2	bc_C331
UniRef100_A0A367QWB6	CoBaHMA_X1	ubc_C393
UniRef100_A0A367QXC3	CoBaHMA_X1	sc_C628
UniRef100_A0A368VV76	CoBaHMA_X1	us_C618
UniRef100_A0A369CGU9	CoBaHMA_X1	bc_C487
UniRef100_A0A369CIC3	P-type	bc_C525
UniRef100_A0A371IS49	CoBaHMA_X1	ubc_C233
UniRef100_A0A371IS60	CoBaHMA_X1	ubc_C141
UniRef100_A0A371IS94	CoBaHMA_X1	bc_C685
UniRef100_A0A375Z1L1	P-type	bc_C429_2
UniRef100_A0A377GW50	CoBaHMA_X1	ubc_C141
UniRef100_A0A377GWB3	CoBaHMA_X1	ubc_C233
UniRef100_A0A377PH96	CoBaHMA_X1	ubc_C352
UniRef100_A0A377Q0I8	CoBaHMA_X1	ubc_C201
UniRef100_A0A378NUL5	CoBaHMA_X1	s_C636
UniRef100_A0A378XHY4	CoBaHMA_X1	bc_C437
UniRef100_A0A379D7B2	CoBaHMA_X1	bc_C444
UniRef100_A0A380TBS4	CoBaHMA_X1	bc_C75
UniRef100_A0A386PBU2	CoBaHMA_X1	bc_C685
UniRef100_A0A395D0E5	CoBaHMA_X1	bc_C75
UniRef100_A0A397Q313	CoBaHMA_X1	bc_C75
UniRef100_A0A397Q5N3	P-type	bc_C556
UniRef100_A0A3A4QG82	CoBaHMA_X1	bc_C444
UniRef100_A0A3A5ASF6	CoBaHMA_X1	bc_C75
UniRef100_A0A3A5ASG5	P-type	us_C219
UniRef100_A0A3A5ASH6	CoBaHMA_X1	bc_C444
UniRef100_A0A3A6NXQ9	CoBaHMA_X1	bc_C444
UniRef100_A0A3A6P1Y7	CoBaHMA_X1	bc_C75
UniRef100_A0A3A8KA48	CoBaHMA_X1	ubc_C329
UniRef100_A0A3A8TAZ7	CoBaHMA_X1	ubc_C329
UniRef100_A0A3A9EWM7	P-type	s_C564
UniRef100_A0A3A9JUK6	P-type	s_C712
UniRef100_A0A3B1D331	CoBaHMA_X1	bc_C444
UniRef100_A0A3B1DQF9	P-type	sc_C128
UniRef100_A0A3B1DYD9	CoBaHMA_X1	bc_C75
UniRef100_A0A3B8XPJ3	CoBaHMA_X1	bc_C75
UniRef100_A0A3B8YCC2	CoBaHMA_X1	ubc_C283
UniRef100_A0A3B9IZS7	P-type	s_C744
UniRef100_A0A3B9K9P8	P-type	sc_C710
UniRef100_A0A3B9QA35	CoBaHMA_X1	ubc_C584
UniRef100_A0A3C0N2D1	CoBaHMA_X1	ubc_C393
UniRef100_A0A3C0RSN6	CoBaHMA_X1	bc_C583
UniRef100_A0A3C0ZSF9	P-type	s_C691
UniRef100_A0A3C1BR88	CoBaHMA_X1	bc_C437
UniRef100_A0A3C1BRP4	P-type	bc_C366_1
UniRef100_A0A3C1FSM5	CoBaHMA_X1	bc_C444
UniRef100_A0A3C1FV04	P-type	bc_C366_1
UniRef100_A0A3C1FW81	CoBaHMA_X1	bc_C444
UniRef100_A0A3C1FWR3	CoBaHMA_X1	bc_C444
UniRef100_A0A3C1G0E3	CoBaHMA_X1	ubc_C93
UniRef100_A0A3C1UPW3	P-type	bc_C140
UniRef100_A0A3D0EEZ3	CoBaHMA_X1	sc_C245
UniRef100_A0A3D0HBF6	CoBaHMA_X1	ubc_C584
UniRef100_A0A3D0NRW4	P-type	sc_C710
UniRef100_A0A3D0X216	CoBaHMA_X1	s_C702
UniRef100_A0A3D0X4A0	CoBaHMA_X1	bc_C399
UniRef100_A0A3D1BKW8	CoBaHMA_X1	bc_C444
UniRef100_A0A3D1EAY2	P-type	s_C564
UniRef100_A0A3D1LCP1	CoBaHMA_X1	sc_C396
UniRef100_A0A3D1P8T9	CoBaHMA_X2	bc_C331
UniRef100_A0A3D1P8U5	P-type	bc_C366_1
UniRef100_A0A3D1PAW1	CoBaHMA_X1	ubc_C393
UniRef100_A0A3D1Q304	CoBaHMA_X1	sc_C245
UniRef100_A0A3D1UCG3	CoBaHMA_X1	us_C273
UniRef100_A0A3D1UCM0	CoBaHMA_X1	ubc_C141
UniRef100_A0A3D1UE04	CoBaHMA_X1	bc_C685
UniRef100_A0A3D1UEZ5	P-type	usc_C43
UniRef100_A0A3D2GWZ7	CoBaHMA_X1	us_C130
UniRef100_A0A3D2GYH2	CoBaHMA_X1	bc_C685
UniRef100_A0A3D2HZS3	P-type	sc_C710
UniRef100_A0A3D2YH28	CoBaHMA_X1	sc_C396
UniRef100_A0A3D3CJH3	CoBaHMA_X1	bc_C583
UniRef100_A0A3D3CL28	P-type	us_C590
UniRef100_A0A3D4G4J5	P-type	s_C541
UniRef100_A0A3D4GJI2	CoBaHMA_X1	bc_C437
UniRef100_A0A3D4GJL6	P-type	bc_C525
UniRef100_A0A3D4S4H8	P-type	s_C712
UniRef100_A0A3D4XQF8	CoBaHMA_X1	bc_C487
UniRef100_A0A3D4XQL5	P-type	us_C438
UniRef100_A0A3D5IF75	CoBaHMA_X1	ubc_C141
UniRef100_A0A3D8HRP8	CoBaHMA_X1	ubc_C201
UniRef100_A0A3D8IDA0	CoBaHMA_X1	ubc_C201
UniRef100_A0A3D8YV27	CoBaHMA_X1	ubc_C521
UniRef100_A0A3D8YV28	CoBaHMA_X1	ubc_C675
UniRef100_A0A3D8YX63	CoBaHMA_X1	ubc_C4
UniRef100_A0A3D9BY58	CoBaHMA_X1	ubc_C562
UniRef100_A0A3E1HHF6	CoBaHMA_X1	sc_C704
UniRef100_A0A3F3GVQ1	CoBaHMA_X1	bc_C202
UniRef100_A0A3G1KVK7	P-type	ubc_C413
UniRef100_A0A3G2R1I5	P-type	s_C42
UniRef100_A0A3L7NIC8	P-type	sc_C692
UniRef100_A0A3L7NKZ7	P-type	s_C670
UniRef100_A0A3L7S6G8	P-type	bc_C140
UniRef100_A0A3L7S7A5	CoBaHMA_X1	sc_C692
UniRef100_A0A3L7UDA5	P-type	s_C386
UniRef100_A0A3L7UDR2	P-type	sc_C692
UniRef100_A0A3L7V7Z7	CoBaHMA_X1	us_C350
UniRef100_A0A3M0CS10	CoBaHMA_X1	bc_C437
UniRef100_A0A3M1BKK3	CoBaHMA_X1	ubc_C106
UniRef100_A0A3M1L151	CoBaHMA_X1	ubc_C393
UniRef100_A0A3M2AGN7	CoBaHMA_X1	us_C12
UniRef100_A0A3M2AQT3	CoBaHMA_X1	ubc_C106
UniRef100_A0A3M2FQJ0	GlyX3	bc_C192
UniRef100_A0A3M2H0X3	CoBaHMA_X1	ubc_C106
UniRef100_A0A3M8TUX2	CoBaHMA_X1	sc_C671
UniRef100_A0A3N1TC13	ABC transporter	bc_C538
UniRef100_A0A3N5GQ68	CoBaHMA_X1	us_C370
UniRef100_A0A3N5I7U3	CoBaHMA_X1	bc_C75
UniRef100_A0A3N5IS64	CoBaHMA_X1	bc_C444
UniRef100_A0A3N5SIP1	CoBaHMA_X1	bc_C75
UniRef100_A0A3N5SKC9	P-type	sc_C128
UniRef100_A0A3N5THP5	CoBaHMA_X1	us_C49
UniRef100_A0A3N5TUF0	CoBaHMA_X1	us_C379
UniRef100_A0A3N5YHQ1	P-type	us_C526
UniRef100_A0A3N5YSD0	CoBaHMA_X1	bc_C75
UniRef100_A0A3N5Z179	CoBaHMA_X1	bc_C444
UniRef100_A0A3N9UXZ5	CoBaHMA_X1	usc_C35
UniRef100_A0A3N9V6V7	CoBaHMA_X1	s_C705
UniRef100_A0A3N9VAW4	CoBaHMA_X1	us_C605
UniRef100_A0A3N9VL67	CoBaHMA_X1	ubc_C393
UniRef100_A0A3P1Y4U1	CoBaHMA_X1	bc_C583
UniRef100_A0A3P1Y6T0	P-type	bc_C366_1
UniRef100_A0A3P1ZSF9	CoBaHMA_X1	bc_C583
UniRef100_A0A3P1ZTI2	CoBaHMA_X1	bc_C678
UniRef100_A0A3Q8HR34	CoBaHMA_X1	bc_C202
UniRef100_A0A3R6AXP8	CoBaHMA_X1	bc_C437
UniRef100_A0A3R8T3J8	P-type	bc_C366_1
UniRef100_A0A3S0GNR6	CoBaHMA_X1	bc_C75
UniRef100_A0A3S0HJ88	CoBaHMA_X1	ubc_C30
UniRef100_A0A3S0WML2	CoBaHMA_X1	bc_C444
UniRef100_A0A3S0XBV5	CoBaHMA_X1	bc_C437
UniRef100_A0A3S0XPF3	CoBaHMA_X3	us_C328
UniRef100_A0A3S0XPS1	CoBaHMA_X1	sc_C623
UniRef100_A0A3S0XS53	P-type	bc_C20
UniRef100_A0A3S0ZEI1	P-type	bc_C366_1
UniRef100_A0A3S0ZXK9	CoBaHMA_X2	s_C668
UniRef100_A0A3S1CFH9	CoBaHMA_X1	s_C86
UniRef100_A0A3S1CNK6	P-type	bc_C20
UniRef100_A0A3S1CRY9	CoBaHMA_X1	s_C706
UniRef100_A0A3S1ISS5	CoBaHMA_X1	ubc_C393
UniRef100_A0A3S1IWR7	Phosphatase	bc_C419
UniRef100_A0A3S4JTJ1	CoBaHMA_X1	sc_C249
UniRef100_A0A401G2Q9	P-type	bc_C366_1
UniRef100_A0A401TJW7	P-type	s_C576
UniRef100_A0A402AB82	CoBaHMA_X1	s_C731
UniRef100_A0A402BNI7	CoBaHMA_X1	s_C636
UniRef100_A0A402BNS1	CoBaHMA_X1	s_C603
UniRef100_A0A410RRT9	CoBaHMA_X1	ubc_C329
UniRef100_A0A411PGW6	CoBaHMA_X1	bc_C437
UniRef100_A0A411PH51	CoBaHMA_X1	ubc_C352
UniRef100_A0A411ZZA8	CoBaHMA_X1	bc_C399
UniRef100_A0A412KX00	CoBaHMA_X1	bc_C399
UniRef100_A0A412L1X9	CoBaHMA_X1	s_C636
UniRef100_A0A412NZK5	P-type	us_C615
UniRef100_A0A413QXJ9	CoBaHMA_X1	ubc_C586
UniRef100_A0A414NUD3	CoBaHMA_X1	bc_C399
UniRef100_A0A414NY03	CoBaHMA_X1	s_C636
UniRef100_A0A415CIM7	P-type	bc_C525
UniRef100_A0A415R764	CoBaHMA_X1	s_C636
UniRef100_A0A415REF7	CoBaHMA_X1	ubc_C586
UniRef100_A0A418RM88	CoBaHMA_X1	bc_C487
UniRef100_A0A418RMG4	P-type	bc_C525
UniRef100_A0A419J5K7	CoBaHMA_X1	bc_C75
UniRef100_A0A419J5L4	CoBaHMA_X1	bc_C444
UniRef100_A0A421BFH3	P-type	bc_C366_1
UniRef100_A0A421DKM0	CoBaHMA_X1	ubc_C352
UniRef100_A0A424Y428	CoBaHMA_X1	ubc_C141
UniRef100_A0A424Y479	CoBaHMA_X1	bc_C685
UniRef100_A0A426D834	CoBaHMA_X1	ubc_C397
UniRef100_A0A431L5L1	P-type	bc_C525
UniRef100_A0A431PIY9	CoBaHMA_X1	bc_C444
UniRef100_A0A431PJA2	P-type	s_C42
UniRef100_A0A431R8J9	CoBaHMA_X1	us_C557
UniRef100_A0A432MEJ3	P-type	bc_C140
UniRef100_A0A432MEJ4	P-type	sc_C692
UniRef100_A0A433I8L3	CoBaHMA_X1	bc_C437
UniRef100_A0A433NH73	Phosphatase	s_C643
UniRef100_A0A433NKG6	CoBaHMA_X1	ubc_C393
UniRef100_A0A433VEI5	GlyX3	bc_C192
UniRef100_A0A433VX63	P-type	s_C550
UniRef100_A0A439Z983	CoBaHMA_X1	s_C740
UniRef100_A0A441TTM7	CoBaHMA_X1	sc_C249
UniRef100_A0A441TTP0	CoBaHMA_X1	s_C740
UniRef100_A0A442HNP9	CoBaHMA_X1	s_C740
UniRef100_A0A443ILI8	CoBaHMA_X1	bc_C437
UniRef100_A0A443JGD4	CoBaHMA_X1	bc_C437
UniRef100_A0A448MAZ9	CoBaHMA_X1	sc_C62
UniRef100_A0A450TA22	CoBaHMA_X1	ubc_C141
UniRef100_A0A450TA31	CoBaHMA_X1	s_C714
UniRef100_A0A450TRW5	CoBaHMA_X1	bc_C444
UniRef100_A0A450TVK5	CoBaHMA_X1	s_C714
UniRef100_A0A454CY31	CoBaHMA_X1	bc_C437
UniRef100_A0A485A0K1	P-type	s_C669
UniRef100_A0A485CLF8	CoBaHMA_X1	sc_C343
UniRef100_A0A495V427	CoBaHMA_X1	sc_C55
UniRef100_A0A495V5S6	CoBaHMA_X1	bc_C444
UniRef100_A0A496LRB2	CoBaHMA_X1	us_C495
UniRef100_A0A496PF91	P-type	s_C691
UniRef100_A0A496S899	CoBaHMA_X1	us_C451
UniRef100_A0A496S9P8	P-type	us_C179
UniRef100_A0A497X911	P-type	us_C488
UniRef100_A0A497X916	CoBaHMA_X1	bc_C487
UniRef100_A0A498Q6V9	P-type	bc_C429_1
UniRef100_A0A499UNT7	CoBaHMA_X1	usc_C382
UniRef100_A0A4D4LKQ6	CoBaHMA_X1	sc_C671
UniRef100_A0A4D9CHL7	CoBaHMA_X1	bc_C341
UniRef100_A0A4D9CI08	CoBaHMA_X2	sc_C628
UniRef100_A0A4E0QWY4	CoBaHMA_X1	bc_C444
UniRef100_A0A4P2PVK5	CoBaHMA_X1	ubc_C344
UniRef100_A0A4P5V4R6	P-type	bc_C525
UniRef100_A0A4P6K457	CoBaHMA_X2	us_C412
UniRef100_A0A4P6L982	CoBaHMA_X1	sc_C656
UniRef100_A0A4P7C0E6	CoBaHMA_X1	bc_C444
UniRef100_A0A4P7UG75	CoBaHMA_X1	bc_C583
UniRef100_A0A4P7UGU1	CoBaHMA_X1	bc_C678
UniRef100_A0A4P7ZPZ1	CoBaHMA_X1	sc_C656
UniRef100_A0A4P7ZUD3	CoBaHMA_X1	usc_C378
UniRef100_A0A4P8L1K5	CoBaHMA_X1	bc_C75
UniRef100_A0A4P8L3X8	P-type	bc_C366_1
UniRef100_A0A4P8L413	CoBaHMA_X1	us_C259
UniRef100_A0A4P8L4D7	CoBaHMA_X1	bc_C437
UniRef100_A0A4P8L7H6	P-type	bc_C366_1
UniRef100_A0A4P9ULG7	CoBaHMA_X1	bc_C487
UniRef100_A0A4Q0MTM2	P-type	us_C103
UniRef100_A0A4Q0XT53	CoBaHMA_X1	ubc_C201
UniRef100_A0A4Q0XUF8	P-type	us_C288
UniRef100_A0A4Q0XWV6	P-type	us_C287
UniRef100_A0A4Q0XYA0	CoBaHMA_X1	ubc_C201
UniRef100_A0A4Q0YBD9	CoBaHMA_X1	ubc_C201
UniRef100_A0A4Q0ZPI1	CoBaHMA_X1	ubc_C201
UniRef100_A0A4Q1A2N6	CoBaHMA_X1	ubc_C201
UniRef100_A0A4Q1AQK5	P-type	us_C286
UniRef100_A0A4Q1ATC8	CoBaHMA_X1	ubc_C201
UniRef100_A0A4Q2KVH5	CoBaHMA_X1	ubc_C141
UniRef100_A0A4Q2WBT6	CoBaHMA_X1	usc_C260
UniRef100_A0A4Q2WC18	CoBaHMA_X1	s_C636
UniRef100_A0A4Q2WCG6	CoBaHMA_X1	us_C392
UniRef100_A0A4Q2WE78	CoBaHMA_X1	s_C603
UniRef100_A0A4Q5L4V0	P-type	sc_C7
UniRef100_A0A4Q5L556	P-type	bc_C525
UniRef100_A0A4Q5L585	CoBaHMA_X1	bc_C75
UniRef100_A0A4Q5L5X7	CoBaHMA_X1	ubc_C393
UniRef100_A0A4Q6BAV6	CoBaHMA_X1	usc_C229
UniRef100_A0A4Q6CNV8	CoBaHMA_X1	usc_C229
UniRef100_A0A4Q9D0F5	CoBaHMA_X1	bc_C437
UniRef100_A0A4Q9GG82	P-type	bc_C140
UniRef100_A0A4Q9GK97	P-type	s_C480
UniRef100_A0A4Q9J2G7	P-type	bc_C20
UniRef100_A0A4Q9JBK3	CoBaHMA_X2	bc_C331
UniRef100_A0A4Q9UTI4	CoBaHMA_X1	ubc_C320
UniRef100_A0A4R1B578	CoBaHMA_X1	bc_C487
UniRef100_A0A4R1BEJ0	CoBaHMA_X1	bc_C444
UniRef100_A0A4R1BET3	CoBaHMA_X1	bc_C437
UniRef100_A0A4R1KD53	CoBaHMA_X1	bc_C437
UniRef100_A0A4R1PWX3	CoBaHMA_X1	us_C523
UniRef100_A0A4R2MEL8	CoBaHMA_X1	bc_C202
UniRef100_A0A4R2SXR9	CoBaHMA_X1	ubc_C369
UniRef100_A0A4R2SZU6	P-type	usc_C536
UniRef100_A0A4R3KF44	CoBaHMA_X1	s_C636
UniRef100_A0A4R3KF66	CoBaHMA_X1	ubc_C586
UniRef100_A0A4R3M3I3	CoBaHMA_X1	ubc_C562
UniRef100_A0A4R3M435	P-type	s_C42
UniRef100_A0A4R3MTU4	CoBaHMA_X1	bc_C202
UniRef100_A0A4R3MYP0	CoBaHMA_X1	bc_C444
UniRef100_A0A4R3PQS8	CoBaHMA_X1	s_C740
UniRef100_A0A4R3PSR9	CoBaHMA_X1	sc_C249
UniRef100_A0A4R4A5P0	CoBaHMA_X1	bc_C444
UniRef100_A0A4R4TZU4	CoBaHMA_X1	usc_C489
UniRef100_A0A4R4XT93	P-type	us_C271
UniRef100_A0A4R4Z5X9	CoBaHMA_X1	us_C421
UniRef100_A0A4R9E5P6	CoBaHMA_X1	usc_C680
UniRef100_A0A4R9XFS5	CoBaHMA_X1	sc_C249
UniRef100_A0A4S2ULV4	CoBaHMA_X1	usc_C621
UniRef100_A0A4S4AXC8	CoBaHMA_X1	bc_C437
UniRef100_A0A4S4AZ80	CoBaHMA_X1	ubc_C320
UniRef100_A0A4S4AZ83	CoBaHMA_X1	bc_C437
UniRef100_A0A4S4BRU5	CoBaHMA_X1	ubc_C4
UniRef100_A0A4S4BVY4	CoBaHMA_X1	ubc_C521
UniRef100_A0A4S5JEV9	CoBaHMA_X1	sc_C249
UniRef100_A0A4T2ADN0	CoBaHMA_X1	bc_C437
UniRef100_A0A4T2AIE8	P-type	s_C712
UniRef100_A0A4U0QCR6	CoBaHMA_X1	bc_C202
UniRef100_A0A4U0QSG2	CoBaHMA_X1	bc_C437
UniRef100_A0A4U1BQ57	CoBaHMA_X1	bc_C437
UniRef100_A0A4U1BR67	CoBaHMA_X1	ubc_C352
UniRef100_A0A4U1H1N6	CoBaHMA_X1	ubc_C329
UniRef100_A0A4U1MMA2	CoBaHMA_X1	ubc_C4
UniRef100_A0A4U8SC96	CoBaHMA_X1	ubc_C201
UniRef100_A0A4U8SMV5	CoBaHMA_X1	ubc_C201
UniRef100_A0A4V0ND69	CoBaHMA_X1	us_C736
UniRef100_A0A4V1S340	CoBaHMA_X1	us_C292
UniRef100_A0A4V2J6U0	P-type	s_C712
UniRef100_A0A4V2JN11	Phosphatase	bc_C419
UniRef100_A0A4V2NV05	P-type	bc_C525
UniRef100_A0A4V2SL97	CoBaHMA_X1	ubc_C562
UniRef100_A0A4V3ZN06	P-type	s_C98
UniRef100_A0A4Y3TD59	CoBaHMA_X1	bc_C202
UniRef100_A0A4Y3VV98	CoBaHMA_X1	us_C677
UniRef100_A0A4Y4K1L3	ABC transporter	bc_C538
UniRef100_A0A4Y8YRF7	CoBaHMA_X1	sc_C704
UniRef100_A0A4Y9MBC0	P-type	us_C89
UniRef100_A0A4Y9MUR6	P-type	usc_C110
UniRef100_A0A4Y9NEV0	P-type	usc_C110
UniRef100_A0A4Y9SMS3	P-type	bc_C556
UniRef100_A0A4Y9SN17	CoBaHMA_X1	bc_C75
UniRef100_A0A501PEN7	P-type	s_C98
UniRef100_A0A501PFG6	CoBaHMA_X1	bc_C75
UniRef100_A0A512H351	P-type	bc_C366_1
UniRef100_A0A512H354	CoBaHMA_X1	bc_C437
UniRef100_A0A512H3M3	CoBaHMA_X1	bc_C444
UniRef100_A0A517DZW5	CoBaHMA_X1	s_C636
UniRef100_A0A517DZX3	CoBaHMA_X1	s_C603
UniRef100_A0A517YPT5	P-type	usc_C74
UniRef100_A0A518B1R2	P-type	bc_C366_1
UniRef100_A0A520YX31	CoBaHMA_X1	ubc_C725
UniRef100_A0A521U757	P-type	bc_C366_1
UniRef100_A0A521X5A7	CoBaHMA_X1	ubc_C393
UniRef100_A0A522DPK1	CoBaHMA_X1	bc_C75
UniRef100_A0A522UX08	CoBaHMA_X1	s_C688
UniRef100_A0A522V264	CoBaHMA_X1	bc_C444
UniRef100_A0A522V6G9	CoBaHMA_X1	bc_C487
UniRef100_A0A522V6L6	P-type	s_C84
UniRef100_A0A522VH50	P-type	bc_C525
UniRef100_A0A522WLF4	CoBaHMA_X1	bc_C487_1
UniRef100_A0A522WLG6	P-type	usc_C716
UniRef100_A0A522WSV1	CoBaHMA_X1	bc_C487
UniRef100_A0A522WSV7	P-type	bc_C525
UniRef100_A0A523A856	P-type	s_C712
UniRef100_A0A523A891	CoBaHMA_X1	ubc_C320
UniRef100_A0A524AZG9	P-type	bc_C525
UniRef100_A0A524B021	CoBaHMA_X1	bc_C487
UniRef100_A0A525BXK2	CoBaHMA_X1	usc_C9
UniRef100_A0A525BXK5	CoBaHMA_X1	bc_C437
UniRef100_A0A525BZG7	CoBaHMA_X1	bc_C437
UniRef100_A0A525CVS6	CoBaHMA_X1	bc_C75
UniRef100_A0A528VWA9	CoBaHMA_X1	sc_C249
UniRef100_A0A533QDT1	CoBaHMA_X1	ubc_C725
UniRef100_A0A534Q8S0	CoBaHMA_X1	s_C81
UniRef100_A0A534QF29	CoBaHMA_X1	ubc_C329
UniRef100_A0A534QR19	CoBaHMA_X1	us_C359
UniRef100_A0A534ZGX2	CoBaHMA_X1	us_C624
UniRef100_A0A534ZMP5	CoBaHMA_X1	ubc_C329
UniRef100_A0A534ZVV2	P-type	bc_C556
UniRef100_A0A535A188	CoBaHMA_X1	s_C81
UniRef100_A0A535ULM9	P-type	s_C712
UniRef100_A0A536AX33	P-type	sc_C710
UniRef100_A0A536VP09	CoBaHMA_X1	usc_C442
UniRef100_A0A536XD81	CoBaHMA_X1	us_C18
UniRef100_A0A537RUU6	CoBaHMA_X1	s_C740
UniRef100_A0A538ECB3	P-type	us_C464
UniRef100_A0A538KHX0	P-type	bc_C366_1
UniRef100_A0A538KHX2	CoBaHMA_X1	ubc_C393
UniRef100_A0A538PFI8	CoBaHMA_X1	us_C150
UniRef100_A0A538R1S0	CoBaHMA_X1	ubc_C294
UniRef100_A0A543J647	P-type	s_C72
UniRef100_A0A545SE55	CoBaHMA_X1	bc_C75
UniRef100_A0A545SE61	CoBaHMA_X1	bc_C399
UniRef100_A0A552EC53	CoBaHMA_X1	usc_C648
UniRef100_A0A552EVV8	CoBaHMA_X1	usc_C663
UniRef100_A0A552LCK1	CoBaHMA_X1	ubc_C93
UniRef100_A0A560BJS5	CoBaHMA_X1	bc_C437
UniRef100_A0A560LG95	P-type	s_C712
UniRef100_A0A560LH98	CoBaHMA_X1	ubc_C30
UniRef100_A0A562GIB3	CoBaHMA_X1	bc_C399
UniRef100_A0A562GRU7	P-type	us_C610
UniRef100_A0A562I002	CoBaHMA_X1	bc_C437
UniRef100_A0A562S911	CoBaHMA_X1	bc_C583
UniRef100_A0A563VMY9	P-type	bc_C525
UniRef100_A0A563VN45	CoBaHMA_X1	ubc_C283
UniRef100_A0A564W9F0	P-type	s_C98
UniRef100_A0A564ZLN2	CoBaHMA_X1	bc_C444
UniRef100_A0A564ZMZ6	CoBaHMA_X1	bc_C75
UniRef100_A0A5B1BLP8	CoBaHMA_X1	bc_C71
UniRef100_A0A5B7X8E9	CoBaHMA_X1	ubc_C201
UniRef100_A0A5B8N5U1	CoBaHMA_X1	bc_C444
UniRef100_A0A5B8N6H0	CoBaHMA_X1	bc_C75
UniRef100_A0A5B8N6U1	CoBaHMA_X1	ubc_C30
UniRef100_A0A5B9TUT4	P-type	us_C146
UniRef100_A0A5B9TVY7	CoBaHMA_X1	ubc_C201
UniRef100_A0A5C2HBS1	CoBaHMA_X1	ubc_C201
UniRef100_A0A5C2M6G8	GlyX3	bc_C192
UniRef100_A0A5C4J6N5	CoBaHMA_X1	usc_C489
UniRef100_A0A5C7JYE4	CoBaHMA_X1	us_C156
UniRef100_A0A5C7KBI4	P-type	bc_C525
UniRef100_A0A5C7KDJ5	CoBaHMA_X1	us_C516
UniRef100_A0A5C7T941	CoBaHMA_X1	bc_C202
UniRef100_A0A5C7WTU8	CoBaHMA_X1	sc_C312
UniRef100_A0A5C7XZV1	P-type	bc_C429
UniRef100_A0A5C8ZG66	P-type	bc_C429
UniRef100_A0A5C9BSX8	CoBaHMA_X1	s_C19
UniRef100_A0A5C9CDL1	CoBaHMA_X1	us_C380
UniRef100_A0A5C9CIW9	CoBaHMA_X1	ubc_C30
UniRef100_A0A5D3YCS9	P-type	s_C98
UniRef100_A0A5D6WGQ3	CoBaHMA_X1	ubc_C586
UniRef100_A0A5D6WIE3	CoBaHMA_X1	bc_C399
UniRef100_A0A5J5FW33	CoBaHMA_X1	ubc_C352
UniRef100_A0A5J5FWP8	CoBaHMA_X1	bc_C437
UniRef100_A0A5J5I3L3	CoBaHMA_X1	ubc_C4
UniRef100_A0A5J5I524	CoBaHMA_X1	ubc_C675
UniRef100_A0A5J5I765	CoBaHMA_X1	ubc_C521
UniRef100_A0A5J6HY56	ABC transporter	bc_C538
UniRef100_A0A5K7ZUY4	CoBaHMA_X1	bc_C437
UniRef100_A0A5K7ZV58	P-type	bc_C429
UniRef100_A0A5L4ZTA9	CoBaHMA_X1	ubc_C201
UniRef100_A0A5M6I3S7	CoBaHMA_X1	bc_C444
UniRef100_A0A5M6I4X8	CoBaHMA_X1	bc_C437
UniRef100_A0A5M6IAE8	CoBaHMA_X1	bc_C444
UniRef100_A0A5M6IZQ1	CoBaHMA_X1	bc_C437
UniRef100_A0A5M8FKU4	CoBaHMA_X1	bc_C75
UniRef100_A0A5M8FRV3	CoBaHMA_X1	bc_C444
UniRef100_A0A5M8FTB8	CoBaHMA_X1	sc_C55
UniRef100_A0A5N0HQA0	CoBaHMA_X1	sc_C545
UniRef100_A0A5N0IP28	P-type	us_C375
UniRef100_A0A5N3S238	CoBaHMA_X1	bc_C437
UniRef100_A0A5N7IIZ2	CoBaHMA_X1	bc_C685
UniRef100_A0A5P8PXG9	CoBaHMA_X1	ubc_C397
UniRef100_A0A5P8WCE2	CoBaHMA_X1	usc_C109
UniRef100_A0A5P8WCY8	P-type	bc_C20
UniRef100_A0A5P9BCC1	CoBaHMA_X1	ubc_C352
UniRef100_A0A5Q0BFQ5	P-type	sc_C7
UniRef100_A0A5Q0BHL9	P-type	bc_C140
UniRef100_A0A5Q0BIS9	CoBaHMA_X1	bc_C487
UniRef100_A0A5Q0BJE9	P-type	us_C222
UniRef100_A0A5Q0BKQ8	P-type	bc_C525
UniRef100_A0A5Q0BMX3	P-type	sc_C7
UniRef100_A0A5Q0BQF6	CoBaHMA_X1	bc_C75
UniRef100_A0A5Q0ELN2	P-type	bc_C525
UniRef100_A0A5Q0ELY2	CoBaHMA_X1	bc_C487
UniRef100_A0A5Q2MZH4	P-type	bc_C366
UniRef100_A0A5Q2N3D9	CoBaHMA_X1	usc_C630
UniRef100_A0A5Q4HCM4	CoBaHMA_X1	ubc_C283
UniRef100_A0A5Q4VE27	P-type	bc_C366_1
UniRef100_A0A5R8QHN9	CoBaHMA_X1	bc_C75
UniRef100_A0A5R9F7E4	CoBaHMA_X1	s_C87
UniRef100_A0A5S3UZS9	ABC transporter	ubc_C520
UniRef100_A0A641W4I1	CoBaHMA_X1	us_C713
UniRef100_A0A644TMC5	CoBaHMA_X1	bc_C678
UniRef100_A0A649UQB4	CoBaHMA_X1	sc_C381
UniRef100_A0A649UR99	ABC transporter	us_C539
UniRef100_A0A651FB57	CoBaHMA_X1	bc_C202
UniRef100_A0A653EYW6	P-type	bc_C525
UniRef100_A0A654SMR3	CoBaHMA_X1	ubc_C393
UniRef100_A0A654T7A5	CoBaHMA_X1	bc_C71
UniRef100_A0A655JDK8	CoBaHMA_X1	us_C282
UniRef100_A0A656H9K1	CoBaHMA_X1	bc_C444
UniRef100_A0A656HDN3	CoBaHMA_X1	bc_C437
UniRef100_A0A656HDQ6	P-type	us_C129
UniRef100_A0A656L2I7	CoBaHMA_X1	usc_C237
UniRef100_A0A658BR49	CoBaHMA_X1	bc_C487
UniRef100_A0A658BRP5	P-type	usc_C716
UniRef100_A0A660DZS9	CoBaHMA_X1	ubc_C397
UniRef100_A0A661CUI5	CoBaHMA_X1	bc_C437
UniRef100_A0A661D6U1	P-type	us_C544
UniRef100_A0A661FC92	CoBaHMA_X1	bc_C487
UniRef100_A0A661PMJ7	CoBaHMA_X1	sc_C343
UniRef100_A0A661SED5	CoBaHMA_X1	us_C272
UniRef100_A0A661T116	CoBaHMA_X1	bc_C437
UniRef100_A0A662NFT6	P-type	usc_C43
UniRef100_A0A662RLZ9	P-type	bc_C366_1
UniRef100_A0A662ZCW4	CoBaHMA_X1	ubc_C5
UniRef100_A0A662ZDM6	CoBaHMA_X1	bc_C399
UniRef100_A0A662ZLY5	CoBaHMA_X1	ubc_C5
UniRef100_A0A662ZMY2	CoBaHMA_X1	ubc_C5
UniRef100_A0A6A7YBS9	CoBaHMA_X1	us_C319
UniRef100_A0A6A8QBT4	CoBaHMA_X1	bc_C437
UniRef100_A0A6A8QF43	CoBaHMA_X1	bc_C202
UniRef100_A0A6B1PT74	P-type	s_C589
UniRef100_A0A6B3ARQ7	CoBaHMA_X1	s_C87
UniRef100_A0A6B3DBJ0	CoBaHMA_X1	us_C492
UniRef100_A0A6B3M4X7	CoBaHMA_X2	s_C266
UniRef100_A0A6B3MAW5	P-type	s_C510
UniRef100_A0A6B3MFP3	CoBaHMA_X1	ubc_C393
UniRef100_A0A6B3P8B4	CoBaHMA_X1	ubc_C283
UniRef100_A0A6B8K8H8	CoBaHMA_X1	bc_C75
UniRef100_A0A6B8K8S8	CoBaHMA_X1	us_C85
UniRef100_A0A6B8KM50	P-type	bc_C556
UniRef100_A0A6B8M237	CoBaHMA_X1	bc_C75
UniRef100_A0A6B8M3E9	P-type	sc_C154
UniRef100_A0A6B8M5L4	P-type	bc_C140
UniRef100_A0A6B8M6W2	CoBaHMA_X1	bc_C75
UniRef100_A0A6B8M995	P-type	s_C42
UniRef100_A0A6C1PLR7	CoBaHMA_X1	ubc_C141
UniRef100_A0A6C1PLV8	P-type	s_C658
UniRef100_A0A6C1PM16	CoBaHMA_X1	ubc_C233
UniRef100_A0A6C1SQF1	P-type	bc_C556
UniRef100_A0A6C1SX04	CoBaHMA_X1	bc_C444
UniRef100_A0A6F9WTH6	CoBaHMA_X1	bc_C202
UniRef100_A0A6F9WUC5	CoBaHMA_X1	ubc_C725
UniRef100_A0A6G3LKZ2	P-type	sc_C710
UniRef100_A0A6G3LUZ9	CoBaHMA_X1	sc_C396
UniRef100_A0A6G3XI47	CoBaHMA_X1	s_C679
UniRef100_A0A6G4WXH4	ABC transporter	us_C455
UniRef100_A0A6G5QYF5	CoBaHMA_X1	ubc_C201
UniRef100_A0A6G5R469	CoBaHMA_X1	ubc_C201
UniRef100_A0A6G9SA77	GlyX3	usc_C109
UniRef100_A0A6G9SDU0	Phosphatase	bc_C419
UniRef100_A0A6G9SFK5	CoBaHMA_X1	bc_C341
UniRef100_A0A6H0RZJ6	CoBaHMA_X1	s_C280
UniRef100_A0A6H1TWW7	CoBaHMA_X2	us_C494
UniRef100_A0A6H1UAX4	CoBaHMA_X1	bc_C437
UniRef100_A0A6H1UBL4	CoBaHMA_X1	ubc_C352
UniRef100_A0A6H2D0M9	CoBaHMA_X1	bc_C437
UniRef100_A0A6H2NMM5	CoBaHMA_X1	us_C83
UniRef100_A0A6H3FAW4	CoBaHMA_X1	bc_C678
UniRef100_A0A6H3FB81	P-type	bc_C366_1
UniRef100_A0A6I0ESH3	CoBaHMA_X1	usc_C630
UniRef100_A0A6I0FCT2	P-type	ubc_C413
UniRef100_A0A6I0FDA2	CoBaHMA_X1	usc_C67
UniRef100_A0A6I1ECH2	P-type	s_C658
UniRef100_A0A6I1EQ72	CoBaHMA_X1	ubc_C584
UniRef100_A0A6I1EVQ8	CoBaHMA_X1	ubc_C584
UniRef100_A0A6I1MSA5	CoBaHMA_X1	bc_C685
UniRef100_A0A6I5CZS9	CoBaHMA_X1	s_C679
UniRef100_A0A6I5DKZ9	ABC transporter	bc_C538
UniRef100_A0A6I5PCU7	CoBaHMA_X1	ubc_C283
UniRef100_A0A6I5R851	CoBaHMA_X1	ubc_C283
UniRef100_A0A6I7PUY0	CoBaHMA_X1	sc_C55
UniRef100_A0A6I7Q5T8	CoBaHMA_X1	bc_C444
UniRef100_A0A6J4F4R2	CoBaHMA_X1	bc_C487_3
UniRef100_A0A6J4F995	P-type	bc_C525
UniRef100_A0A6J4FQP7	CoBaHMA_X1	bc_C437
UniRef100_A0A6J4FSE9	CoBaHMA_X1	bc_C202
UniRef100_A0A6J4FT88	P-type	bc_C525
UniRef100_A0A6J4FXE2	CoBaHMA_X1	bc_C487
UniRef100_A0A6J4MP16	CoBaHMA_X1	usc_C400
UniRef100_A0A6J4PLA5	CoBaHMA_X2	usc_C232
UniRef100_A0A6J4QT01	P-type	us_C631
UniRef100_A0A6J4RF88	CoBaHMA_X1	ubc_C393
UniRef100_A0A6J4RGB2	P-type	bc_C366_1
UniRef100_A0A6J4RR10	CoBaHMA_X1	ubc_C393
UniRef100_A0A6J4S2B3	CoBaHMA_X1	ubc_C393
UniRef100_A0A6J4SEA1	CoBaHMA_X1	ubc_C393
UniRef100_A0A6J4SR88	CoBaHMA_X1	ubc_C393
UniRef100_A0A6J4XAY3	CoBaHMA_X1	bc_C685
UniRef100_A0A6J4XDG8	CoBaHMA_X1	ubc_C141
UniRef100_A0A6J4XFM8	CoBaHMA_X1	ubc_C233
UniRef100_A0A6J4Y4T8	CoBaHMA_X1	ubc_C141
UniRef100_A0A6L3VMB7	CoBaHMA_X1	us_C443
UniRef100_A0A6L4YGC4	P-type	bc_C525_1
UniRef100_A0A6L4YH66	CoBaHMA_X1	bc_C487
UniRef100_A0A6L5NXU4	P-type	s_C712
UniRef100_A0A6L5NYF1	CoBaHMA_X1	bc_C437
UniRef100_A0A6L5NZ91	CoBaHMA_X1	ubc_C352
UniRef100_A0A6L5WFZ0	CoBaHMA_X1	ubc_C201
UniRef100_A0A6L5XJC0	CoBaHMA_X1	bc_C678
UniRef100_A0A6L5XJG6	CoBaHMA_X1	bc_C583
UniRef100_A0A6L6YHD1	CoBaHMA_X1	usc_C321
UniRef100_A0A6L6YHM9	P-type	s_C712
UniRef100_A0A6L8LJQ1	CoBaHMA_X1	ubc_C562
UniRef100_A0A6L9LZE3	P-type	bc_C366_1
UniRef100_A0A6L9M3S1	CoBaHMA_X1	bc_C437
UniRef100_A0A6M0ERI2	P-type	s_C77
UniRef100_A0A6M0EUV2	CoBaHMA_X1	ubc_C393
UniRef100_A0A6M0F2J9	P-type	bc_C366_1
UniRef100_A0A6M0J010	CoBaHMA_X1	bc_C341
UniRef100_A0A6M0J173	CoBaHMA_X2	bc_C331
UniRef100_A0A6M0J1M5	P-type	bc_C366_1
UniRef100_A0A6M0JYE8	CoBaHMA_X1	bc_C444
UniRef100_A0A6M1Y7C6	CoBaHMA_X1	bc_C437
UniRef100_A0A6M1Y8B5	CoBaHMA_X1	bc_C444
UniRef100_A0A6M8NHW2	CoBaHMA_X1	ubc_C201
UniRef100_A0A6N0DZZ9	CoBaHMA_X1	bc_C444
UniRef100_A0A6N1YFR3	P-type	bc_C525
UniRef100_A0A6N2D8M4	CoBaHMA_X1	ubc_C283
UniRef100_A0A6N2DY79	CoBaHMA_X1	bc_C75
UniRef100_A0A6N2DYB0	CoBaHMA_X1	us_C270
UniRef100_A0A6N2E5P3	CoBaHMA_X1	bc_C444
UniRef100_A0A6N2TMM5	P-type	s_C40
UniRef100_A0A6N6S4J2	CoBaHMA_X1	usc_C400
UniRef100_A0A6N7AI18	P-type	s_C744
UniRef100_A0A6N7KZ84	ABC transporter	bc_C538
UniRef100_A0A6N7LMA9	CoBaHMA_X1	s_C740
UniRef100_A0A6N7PTC5	CoBaHMA_X1	ubc_C329
UniRef100_A0A6N7WZY0	CoBaHMA_X1	bc_C685
UniRef100_A0A6N7XCD2	CoBaHMA_X1	ubc_C233
UniRef100_A0A6N8BKH9	CoBaHMA_X1	bc_C583
UniRef100_A0A6N8BMN4	CoBaHMA_X1	bc_C678
UniRef100_A0A6N8DRJ3	P-type	bc_C140
UniRef100_A0A6N8DUB2	P-type	s_C480
UniRef100_A0A6P0JXG7	CoBaHMA_X1	ubc_C283
UniRef100_A0A6P0KCZ0	CoBaHMA_X2	s_C266
UniRef100_A0A6P0KDR0	P-type	s_C576
UniRef100_A0A6P0TIJ7	CoBaHMA_X1	ubc_C283
UniRef100_A0A6P0YFS0	P-type	s_C576
UniRef100_A0A6P0YHF9	CoBaHMA_X2	s_C599
UniRef100_A0A6P1AC36	CoBaHMA_X1	ubc_C283
UniRef100_A0A6P1AF84	CoBaHMA_X1	ubc_C393
UniRef100_A0A6P1AGD6	P-type	bc_C366_1
UniRef100_A0A6P1AGU4	CoBaHMA_X2	usc_C214
UniRef100_A0A6P1HF26	CoBaHMA_X1	ubc_C675
UniRef100_A0A6P1HI51	CoBaHMA_X1	ubc_C521
UniRef100_A0A6P1HK34	CoBaHMA_X1	ubc_C4
UniRef100_A0A6P1KZQ3	CoBaHMA_X1	bc_C341
UniRef100_A0A6P1ZMR0	P-type	bc_C366_1
UniRef100_A0A6P1ZN37	CoBaHMA_X2	s_C687
UniRef100_A0A6P1ZP13	CoBaHMA_X1	ubc_C393
UniRef100_A0A6P1ZSX1	P-type	bc_C366_1
UniRef100_A0A6P2AA88	CoBaHMA_X1	ubc_C283
UniRef100_A0A6V8LSH3	CoBaHMA_X1	bc_C202
UniRef100_A0A7C2K4T7	CoBaHMA_X1	bc_C444
UniRef100_A0A7C2N798	CoBaHMA_X1	ubc_C106
UniRef100_A0A7C2P3T3	CoBaHMA_X1	bc_C75
UniRef100_A0A7C2VAZ9	CoBaHMA_X1	ubc_C106
UniRef100_A0A7C2VMR7	CoBaHMA_X1	us_C65
UniRef100_A0A7C3KGX9	CoBaHMA_X1	usc_C400
UniRef100_A0A7C3RP10	CoBaHMA_X1	ubc_C30
UniRef100_A0A7C3XXN4	CoBaHMA_X1	bc_C75
UniRef100_A0A7C3Y5Z6	CoBaHMA_X1	bc_C444
UniRef100_A0A7C4IWG1	P-type	s_C42
UniRef100_A0A7C4IWK1	CoBaHMA_X1	bc_C75
UniRef100_A0A7C4MQL9	CoBaHMA_X1	bc_C444
UniRef100_A0A7C4N3M5	P-type	bc_C366_1
UniRef100_A0A7C4R1T0	P-type	s_C42
UniRef100_A0A7C4R520	P-type	bc_C556
UniRef100_A0A7C4R795	CoBaHMA_X1	bc_C75
UniRef100_A0A7C5FV93	CoBaHMA_X1	ubc_C329
UniRef100_A0A7C5FW56	CoBaHMA_X1	bc_C444
UniRef100_A0A7C5GUR5	P-type	usc_C651
UniRef100_A0A7C6L0R9	P-type	bc_C366_1
UniRef100_A0A7C7REQ1	P-type	bc_C366_1
UniRef100_A0A7C7VZY3	CoBaHMA_X1	bc_C437
UniRef100_A0A7C8AQ72	CoBaHMA_X1	bc_C444
UniRef100_A0A7C8E9Y7	CoBaHMA_X1	bc_C75
UniRef100_A0A7C8EAF3	CoBaHMA_X1	bc_C444
UniRef100_A0A7C8EDC8	P-type	us_C218
UniRef100_A0A7C8M2J4	CoBaHMA_X1	us_C63
UniRef100_A0A7C9IWV9	P-type	bc_C366_1
UniRef100_A0A7C9IYR5	CoBaHMA_X1	bc_C437
UniRef100_A0A7C9JB03	P-type	us_C226
UniRef100_A0A7C9JKS5	CoBaHMA_X1	bc_C75
UniRef100_A0A7C9N8K1	CoBaHMA_X1	s_C688
UniRef100_A0A7C9UVM6	CoBaHMA_X1	bc_C444
UniRef100_A0A7C9UY65	P-type	bc_C525
UniRef100_A0A7C9UYA6	CoBaHMA_X1	bc_C202
UniRef100_A0A7C9UYH6	CoBaHMA_X1	bc_C437
UniRef100_A0A7D4XLZ6	CoBaHMA_X1	ubc_C329
UniRef100_A0A7D5RVV8	CoBaHMA_X1	bc_C437
UniRef100_A0A7D6EUL7	P-type	bc_C20
UniRef100_A0A7G1ILF3	CoBaHMA_X1	us_C313
UniRef100_A0A7G1IPP6	P-type	us_C398
UniRef100_A0A7G1IS67	CoBaHMA_X1	us_C699
UniRef100_A0A7G1NVP6	ABC transporter	us_C639
UniRef100_A0A7G7VLW5	CoBaHMA_X1	s_C702
UniRef100_A0A7G8CA92	P-type	bc_C140
UniRef100_A0A7G8CA94	CoBaHMA_X1	sc_C656
UniRef100_A0A7G8FW55	CoBaHMA_X1	usc_C378
UniRef100_A0A7G8HKP9	P-type	bc_C525
UniRef100_A0A7G8HKQ1	CoBaHMA_X1	sc_C656
UniRef100_A0A7G9FCB0	CoBaHMA_X1	bc_C583
UniRef100_A0A7I6QD32	CoBaHMA_X1	ubc_C352
UniRef100_A0A7I6ZGL5	CoBaHMA_X1	ubc_C352
UniRef100_A0A7I7MP94	P-type	bc_C429
UniRef100_A0A7I8DKE9	CoBaHMA_X1	us_C604
UniRef100_A0A7I8MTX5	CoBaHMA_X1	ubc_C233
UniRef100_A0A7I8MTY5	CoBaHMA_X1	bc_C685
UniRef100_A0A7I8MY82	CoBaHMA_X1	ubc_C141
UniRef100_A0A7I9YJR8	P-type	bc_C366_1
UniRef100_A0A7J0BGN5	CoBaHMA_X1	bc_C437
UniRef100_A0A7J0BI93	CoBaHMA_X1	bc_C437
UniRef100_A0A7J0BQN2	CoBaHMA_X1	bc_C437
UniRef100_A0A7J0BSE9	P-type	us_C575
UniRef100_A0A7J5WUD7	P-type	s_C91
UniRef100_A0A7J9VC74	P-type	s_C72
UniRef100_A0A7K1KKN6	CoBaHMA_X1	bc_C437
UniRef100_A0A7K1KKP6	CoBaHMA_X1	bc_C437
UniRef100_A0A7K1KKP8	P-type	bc_C366_1
UniRef100_A0A7K2JHA3	CoBaHMA_X1	usc_C467
UniRef100_A0A7K2VGX2	CoBaHMA_X1	us_C384
UniRef100_A0A7K2W146	CoBaHMA_X1	usc_C680
UniRef100_A0A7K3GPY0	CoBaHMA_X1	usc_C467
UniRef100_A0A7K3NMB1	P-type	bc_C366_1
UniRef100_A0A7K3NQH8	P-type	us_C28
UniRef100_A0A7K3NS00	CoBaHMA_X1	bc_C437
UniRef100_A0A7K3QYR4	P-type	usc_C160
UniRef100_A0A7L6A3G1	P-type	bc_C525
UniRef100_A0A7L6A3I7	CoBaHMA_X1	us_C10
UniRef100_A0A7L6AU09	CoBaHMA_X1	bc_C444
UniRef100_A0A7M1LGN0	CoBaHMA_X1	ubc_C201
UniRef100_A0A7M1LI70	P-type	s_C40
UniRef100_A0A7M3MDX6	P-type	bc_C366_1
UniRef100_A0A7M3MEP6	P-type	us_C475
UniRef100_A0A7M3MER0	CoBaHMA_X1	bc_C437
UniRef100_A0A7R6WAE3	CoBaHMA_X1	bc_C202
UniRef100_A0A7R7AGG2	CoBaHMA_X1	bc_C487
UniRef100_A0A7S6RCV5	CoBaHMA_X1	ubc_C393
UniRef100_A0A7S9CS34	CoBaHMA_X1	ubc_C30
UniRef100_A0A7T0GK02	CoBaHMA_X1	ubc_C141
UniRef100_A0A7T0JKQ8	CoBaHMA_X1	ubc_C320
UniRef100_A0A7T0JMQ8	P-type	bc_C525
UniRef100_A0A7T0JNR0	P-type	bc_C525
UniRef100_A0A7T0NWX8	CoBaHMA_X1	bc_C487
UniRef100_A0A7T5CH13	P-type	usc_C74
UniRef100_A0A7T7VCS3	CoBaHMA_X1	s_C740
UniRef100_A0A7T7XM32	CoBaHMA_X1	bc_C583
UniRef100_A0A7T7Z4C9	CoBaHMA_X1	usc_C200
UniRef100_A0A7T7Z4I5	CoBaHMA_X1	s_C740
UniRef100_A0A7T8V3I4	CoBaHMA_X1	ubc_C141
UniRef100_A0A7T8V3V7	CoBaHMA_X1	ubc_C233
UniRef100_A0A7U8U335	CoBaHMA_X1	s_C681
UniRef100_A0A7U8UFE0	CoBaHMA_X1	us_C405
UniRef100_A0A7U8YMJ0	CoBaHMA_X1	s_C568
UniRef100_A0A7V1SLA8	CoBaHMA_X1	bc_C437
UniRef100_A0A7V3J1H4	CoBaHMA_X1	s_C698
UniRef100_A0A7V4G6G9	CoBaHMA_X1	ubc_C329
UniRef100_A0A7V4G6I3	CoBaHMA_X1	bc_C399
UniRef100_A0A7V4G6T8	P-type	sc_C128
UniRef100_A0A7V4XEP9	CoBaHMA_X1	us_C44
UniRef100_A0A7V4XH14	CoBaHMA_X1	bc_C444
UniRef100_A0A7V4XHE5	CoBaHMA_X1	ubc_C329
UniRef100_A0A7V5KUD8	CoBaHMA_X1	bc_C437
UniRef100_A0A7V6A2A0	CoBaHMA_X1	bc_C399
UniRef100_A0A7V6A2I2	CoBaHMA_X1	ubc_C329
UniRef100_A0A7V6A2V4	CoBaHMA_X1	bc_C444
UniRef100_A0A7V6A599	CoBaHMA_X1	ubc_C93
UniRef100_A0A7V7DSN5	P-type	s_C468
UniRef100_A0A7V8NHJ8	ABC transporter	s_C499
UniRef100_A0A7V8WRG4	CoBaHMA_X1	us_C73
UniRef100_A0A7V9BT47	CoBaHMA_X1	us_C262
UniRef100_A0A7V9BUN8	CoBaHMA_X1	us_C565
UniRef100_A0A7V9D4S6	P-type	usc_C232
UniRef100_A0A7V9T6F2	P-type	bc_C366_1
UniRef100_A0A7W0THA8	CoBaHMA_X1	ubc_C393
UniRef100_A0A7W0Y9P3	CoBaHMA_X1	ubc_C329
UniRef100_A0A7W0Z4C5	CoBaHMA_X1	s_C731
UniRef100_A0A7W1HYC2	CoBaHMA_X2	us_C230
UniRef100_A0A7W3RAG1	CoBaHMA_X1	sc_C528
UniRef100_A0A7W7Y3P5	CoBaHMA_X1	bc_C437
UniRef100_A0A7W7Z3S5	CoBaHMA_X1	bc_C437
UniRef100_A0A7W8C118	CoBaHMA_X1	bc_C583
UniRef100_A0A7W8FDY5	CoBaHMA_X1	bc_C678
UniRef100_A0A7W8G7Z4	CoBaHMA_X1	bc_C583
UniRef100_A0A7W9UPX6	ABC transporter	bc_C538
UniRef100_A0A7X1PDX4	CoBaHMA_X1	ubc_C393
UniRef100_A0A7X2J1X3	CoBaHMA_X1	ubc_C4
UniRef100_A0A7X2LZU2	CoBaHMA_X1	ubc_C675
UniRef100_A0A7X2M0X4	CoBaHMA_X1	ubc_C521
UniRef100_A0A7X4Y402	P-type	usc_C82
UniRef100_A0A7X7GXE3	CoBaHMA_X1	us_C403
UniRef100_A0A7X7PCU4	P-type	s_C568
UniRef100_A0A7X7Y6U5	CoBaHMA_X1	us_C314
UniRef100_A0A7X8AZK5	P-type	bc_C556
UniRef100_A0A7X8B0P7	CoBaHMA_X1	bc_C75
UniRef100_A0A7X8B0Q5	CoBaHMA_X1	bc_C437
UniRef100_A0A7X8B0R2	P-type	bc_C366_1
UniRef100_A0A7X8C9Q4	CoBaHMA_X1	bc_C437
UniRef100_A0A7X8CBE8	CoBaHMA_X1	bc_C444
UniRef100_A0A7X8DEI7	P-type	bc_C556
UniRef100_A0A7X8EAT2	P-type	s_C395
UniRef100_A0A7X8GFX6	CoBaHMA_X1	bc_C444
UniRef100_A0A7X9FK03	CoBaHMA_X1	bc_C437
UniRef100_A0A7Y0KI23	CoBaHMA_X1	s_C660
UniRef100_A0A7Y0PU71	CoBaHMA_X1	us_C721
UniRef100_A0A7Y2I4F7	CoBaHMA_X1	ubc_C141
UniRef100_A0A7Y2N3U3	CoBaHMA_X1	ubc_C233
UniRef100_A0A7Y2UNC0	CoBaHMA_X1	bc_C685
UniRef100_A0A7Y3AEL2	CoBaHMA_X1	ubc_C141
UniRef100_A0A7Y3AEL6	CoBaHMA_X1	sc_C62
UniRef100_A0A7Y3EY69	CoBaHMA_X1	ubc_C233
UniRef100_A0A7Y3YI97	CoBaHMA_X1	ubc_C352
UniRef100_A0A7Y3YIH7	CoBaHMA_X1	bc_C437
UniRef100_A0A7Y4CDF5	CoBaHMA_X1	bc_C437
UniRef100_A0A7Y4FMF1	CoBaHMA_X1	ubc_C352
UniRef100_A0A7Y4ISE5	CoBaHMA_X1	ubc_C329
UniRef100_A0A7Y4JAF4	P-type	s_C57
UniRef100_A0A7Y4JAG2	CoBaHMA_X1	ubc_C30
UniRef100_A0A7Y4JRK1	CoBaHMA_X1	ubc_C329
UniRef100_A0A7Y5S461	CoBaHMA_X1	bc_C437
UniRef100_A0A7Y6UHT7	CoBaHMA_X1	ubc_C329
UniRef100_A0A7Y7D303	CoBaHMA_X1	bc_C444
UniRef100_A0A7Y7D379	P-type	s_C712
UniRef100_A0A7Y8HDD2	CoBaHMA_X1	bc_C75
UniRef100_A0A7Y8HE77	P-type	bc_C366_1
UniRef100_A0A7Y8HED4	CoBaHMA_X1	bc_C444
UniRef100_A0A7Y8JDB9	CoBaHMA_X1	us_C580
UniRef100_A0A7Y8M5V4	P-type	bc_C525
UniRef100_A0A7Y8MLG7	CoBaHMA_X1	us_C632
UniRef100_A0A7Y8MLS5	CoBaHMA_X1	bc_C444
UniRef100_A0A7Y8MR09	CoBaHMA_X1	bc_C75
UniRef100_A0A7Y8MS81	P-type	us_C225
UniRef100_A0A7Y8SVH1	CoBaHMA_X1	bc_C399
UniRef100_A0A7Y9DZM9	CoBaHMA_X1	s_C660
UniRef100_A0A7Z8QMV9	CoBaHMA_X1	bc_C487
UniRef100_A0A7Z8QY68	CoBaHMA_X1	sc_C159
UniRef100_A0A7Z9XD96	CoBaHMA_X1	bc_C437
UniRef100_A0A7Z9XS97	CoBaHMA_X1	bc_C437
UniRef100_A0A800C618	P-type	us_C401
UniRef100_A0A800C669	CoBaHMA_X1	bc_C75
UniRef100_A0A800C6D7	P-type	bc_C366_1
UniRef100_A0A800C6Q2	CoBaHMA_X1	bc_C444
UniRef100_A0A800DTT7	CoBaHMA_X1	us_C570
UniRef100_A0A829BBU4	P-type	us_C491
UniRef100_A0A829C9P9	CoBaHMA_X1	s_C90
UniRef100_A0A829P6B0	CoBaHMA_X1	bc_C444
UniRef100_A0A831YC72	P-type	usc_C651
UniRef100_A0A831YLW2	P-type	s_C670
UniRef100_A0A832A3S4	P-type	us_C115
UniRef100_A0A832A5H6	CoBaHMA_X1	us_C101
UniRef100_A0A833GPK6	CoBaHMA_X1	bc_C437
UniRef100_A0A833GQF7	P-type	bc_C525
UniRef100_A0A833GQF9	CoBaHMA_X1	bc_C487
UniRef100_A0A833HL98	CoBaHMA_X1	usc_C67
UniRef100_A0A833HLZ9	P-type	ubc_C413
UniRef100_A0A836SE23	CoBaHMA_X1	bc_C444
UniRef100_A0A836WHW2	CoBaHMA_X1	bc_C437
UniRef100_A0A838DHX5	CoBaHMA_X1	us_C587
UniRef100_A0A838VNF3	P-type	sc_C710
UniRef100_A0A839DV49	CoBaHMA_X1	s_C660
UniRef100_A0A839HQU6	CoBaHMA_X1	sc_C55
UniRef100_A0A839T228	CoBaHMA_X1	bc_C437
UniRef100_A0A839T246	P-type	bc_C140
UniRef100_A0A839T2H1	P-type	sc_C154
UniRef100_A0A840G2Z9	P-type	bc_C366_1
UniRef100_A0A840GDK3	CoBaHMA_X1	ubc_C320
UniRef100_A0A840GKN2	CoBaHMA_X1	bc_C437
UniRef100_A0A841KVH5	P-type	bc_C366_1
UniRef100_A0A841L3D1	P-type	bc_C556
UniRef100_A0A841V1V7	CoBaHMA_X1	us_C326
UniRef100_A0A841V7F9	CoBaHMA_X1	usc_C648
UniRef100_A0A841V906	CoBaHMA_X1	usc_C553
UniRef100_A0A841VDF3	CoBaHMA_X2	sc_C628
UniRef100_A0A841WID7	CoBaHMA_X2	s_C668
UniRef100_A0A843EZ90	P-type	s_C564
UniRef100_A0A843H6L9	P-type	us_C169
UniRef100_A0A844GW67	CoBaHMA_X1	ubc_C283
UniRef100_A0A844JS58	CoBaHMA_X1	usc_C321
UniRef100_A0A844M8X7	CoBaHMA_X1	s_C373
UniRef100_A0A844MAQ5	Phosphatase	bc_C419
UniRef100_A0A844MAR0	CoBaHMA_X1	bc_C341
UniRef100_A0A844MCK3	CoBaHMA_X1	ubc_C393
UniRef100_A0A844MSH7	P-type	us_C199
UniRef100_A0A844MSQ9	CoBaHMA_X1	ubc_C393
UniRef100_A0A845GBE4	CoBaHMA_X1	bc_C75
UniRef100_A0A845L5L9	CoBaHMA_X1	usc_C630
UniRef100_A0A845R8M2	CoBaHMA_X1	sc_C396
UniRef100_A0A845UUS6	P-type	bc_C366_1
UniRef100_A0A845VAG6	CoBaHMA_X1	bc_C444
UniRef100_A0A845YVT1	CoBaHMA_X1	ubc_C283
UniRef100_A0A846CVK4	CoBaHMA_X1	ubc_C283
UniRef100_A0A846EBE6	P-type	bc_C366_1
UniRef100_A0A846GGD6	CoBaHMA_X1	ubc_C283
UniRef100_A0A846H696	CoBaHMA_X2	bc_C331
UniRef100_A0A846H697	CoBaHMA_X1	ubc_C393
UniRef100_A0A846H869	Phosphatase	bc_C419
UniRef100_A0A846HML4	CoBaHMA_X1	us_C112
UniRef100_A0A846QEZ2	CoBaHMA_X1	bc_C437
UniRef100_A0A846SXX4	CoBaHMA_X1	bc_C437
UniRef100_A0A847NQW1	P-type	bc_C366_1
UniRef100_A0A847NSD8	CoBaHMA_X1	ubc_C201
UniRef100_A0A848BMR3	CoBaHMA_X1	s_C636
UniRef100_A0A848BRU7	CoBaHMA_X1	bc_C399
UniRef100_A0A848C489	CoBaHMA_X1	bc_C583
UniRef100_A0A848CC85	CoBaHMA_X1	usc_C247
UniRef100_A0A848ER41	CoBaHMA_X1	ubc_C586
UniRef100_A0A849S047	CoBaHMA_X1	bc_C487
UniRef100_A0A849S5J8	CoBaHMA_X1	sc_C159
UniRef100_A0A849S7A1	P-type	bc_C525
UniRef100_A0A849U026	CoBaHMA_X1	bc_C487
UniRef100_A0A849U5X8	P-type	s_C84
UniRef100_A0A850RDK2	CoBaHMA_X1	sc_C55
UniRef100_A0A851IP42	CoBaHMA_X1	bc_C685
UniRef100_A0A851IRV9	CoBaHMA_X1	ubc_C141
UniRef100_A0A853W4I3	P-type	us_C535
UniRef100_A0A856MGD8	Phosphatase	s_C643
UniRef100_A0A856MMY5	CoBaHMA_X1	ubc_C393
UniRef100_A0A856MPK2	P-type	bc_C366_1
UniRef100_A0A856MR01	CoBaHMA_X3	us_C107
UniRef100_A0A858Q601	CoBaHMA_X1	us_C690
UniRef100_A0A858QAA3	P-type	sc_C7
UniRef100_A0A858QAJ0	CoBaHMA_X1	bc_C75
UniRef100_A0A8A8TIY3	CoBaHMA_X1	bc_C583
UniRef100_A0A8A9ELG3	CoBaHMA_X1	bc_C444
UniRef100_A0A8B5WT38	CoBaHMA_X1	bc_C444
UniRef100_A0A8B5WVN7	CoBaHMA_X1	bc_C437
UniRef100_A0A8B5WW76	P-type	bc_C366_1
UniRef100_A0A8B6IHF7	P-type	s_C541
UniRef100_A0YWZ3	P-type	bc_C366_1
UniRef100_A0ZAK5	CoBaHMA_X2	s_C687
UniRef100_A0ZAK8	CoBaHMA_X1	ubc_C393
UniRef100_A3ILN0	CoBaHMA_X1	ubc_C283
UniRef100_A3Z4P0	GlyX3	usc_C682
UniRef100_A3ZA64	P-type	usc_C378
UniRef100_A3ZA70	P-type	bc_C140
UniRef100_A4TUA7	CoBaHMA_X1	s_C19
UniRef100_A4TUA8	CoBaHMA_X1	bc_C487
UniRef100_A4YAC6	CoBaHMA_X1	bc_C437
UniRef100_A4YAC7	CoBaHMA_X1	us_C37
UniRef100_A5URS6	P-type	usc_C452
UniRef100_A5URS7	CoBaHMA_X1	bc_C75
UniRef100_A6NST6	P-type	bc_C366_1
UniRef100_A7GY07	CoBaHMA_X1	ubc_C201
UniRef100_A7I0B8	CoBaHMA_X1	ubc_C201
UniRef100_A7NJI6	P-type	usc_C452
UniRef100_A7NJI7	CoBaHMA_X1	bc_C75
UniRef100_A9F682	CoBaHMA_X1	ubc_C344
UniRef100_A9G1X6	CoBaHMA_X1	ubc_C329
UniRef100_B0SVN8	CoBaHMA_X1	ubc_C562
UniRef100_B0SVN9	P-type	bc_C556
UniRef100_B1MA32	P-type	s_C57
UniRef100_B1WQM7	CoBaHMA_X1	ubc_C393
UniRef100_B1WT30	CoBaHMA_X1	ubc_C283
UniRef100_B2HN91	P-type	us_C719
UniRef100_B2ICP8	P-type	us_C195
UniRef100_B2ICQ2	P-type	sc_C154
UniRef100_B2IK17	P-type	bc_C140
UniRef100_B2V5K5	CoBaHMA_X1	ubc_C106
UniRef100_B4VJU9	P-type	bc_C525
UniRef100_B4VZK5	CoBaHMA_X1	ubc_C393
UniRef100_B4W4L8	CoBaHMA_X2	s_C266
UniRef100_B4W4L9	P-type	bc_C366_1
UniRef100_B5SP74	CoBaHMA_X1	s_C660
UniRef100_B6G0V3	CoBaHMA_X1	bc_C685
UniRef100_B6WXX1	CoBaHMA_X1	us_C732
UniRef100_B7K019	CoBaHMA_X1	ubc_C393
UniRef100_B7K1G8	CoBaHMA_X1	ubc_C283
UniRef100_B7KAK9	CoBaHMA_X1	usc_C254
UniRef100_B7KAL0	P-type	usc_C410
UniRef100_B7KAL3	GlyX3	usc_C254
UniRef100_B7KAL6	P-type	bc_C366_1
UniRef100_B7KAM1	CoBaHMA_X1	usc_C663
UniRef100_B7KAM4	CoBaHMA_X1	us_C315
UniRef100_B7KAM5	CoBaHMA_X1	usc_C555
UniRef100_B7KE56	CoBaHMA_X1	ubc_C393
UniRef100_B7KE60	CoBaHMA_X2	usc_C214
UniRef100_B7KGC3	CoBaHMA_X1	sc_C623
UniRef100_B7KGL8	CoBaHMA_X1	usc_C742
UniRef100_B8EIK7	CoBaHMA_X1	bc_C437
UniRef100_B8ETB9	P-type	sc_C154
UniRef100_B8ETC0	P-type	bc_C140
UniRef100_B8HK80	CoBaHMA_X1	usc_C663
UniRef100_B8HLW5	GlyX3	s_C239
UniRef100_B8HLX2	P-type	s_C510
UniRef100_B8HLX4	P-type	bc_C525
UniRef100_B8HLY0	P-type	bc_C20
UniRef100_B8HU17	P-type	bc_C429
UniRef100_B8HUR6	CoBaHMA_X1	us_C164
UniRef100_B8IEI5	CoBaHMA_X1	s_C740
UniRef100_B8IEI6	CoBaHMA_X1	usc_C200
UniRef100_B8IRK8	CoBaHMA_X1	us_C216
UniRef100_B8IRL0	P-type	bc_C556
UniRef100_B8IRL1	CoBaHMA_X1	usc_C200
UniRef100_B8J1N9	CoBaHMA_X1	bc_C678
UniRef100_B8J1P3	CoBaHMA_X1	bc_C583
UniRef100_B9CNP7	P-type	bc_C366_1
UniRef100_B9E0R2	CoBaHMA_X1	s_C97
UniRef100_B9E0R3	CoBaHMA_X1	bc_C685
UniRef100_B9E0R5	CoBaHMA_X1	ubc_C233
UniRef100_B9E3D5	P-type	ubc_C413
UniRef100_B9E3D7	CoBaHMA_X1	ubc_C369
UniRef100_C0QCV4	CoBaHMA_X1	bc_C444
UniRef100_C0QCV7	P-type	s_C98
UniRef100_C0QCV8	CoBaHMA_X1	bc_C75
UniRef100_C1DGE6	CoBaHMA_X1	bc_C437
UniRef100_C1F4Q0	ABC transporter	ubc_C520
UniRef100_C2KYM4	CoBaHMA_X1	ubc_C578
UniRef100_C3WA84	CoBaHMA_X1	ubc_C233
UniRef100_C4XH22	CoBaHMA_X1	bc_C202
UniRef100_C6E4A6	CoBaHMA_X1	bc_C202
UniRef100_C6JML5	CoBaHMA_X1	ubc_C233
UniRef100_C6JML7	CoBaHMA_X1	bc_C685
UniRef100_C6JML8	CoBaHMA_X1	ubc_C141
UniRef100_C6WBS5	ABC transporter	us_C415
UniRef100_C7H0A6	P-type	s_C712
UniRef100_C7ND21	CoBaHMA_X1	ubc_C141
UniRef100_C7ND24	CoBaHMA_X1	ubc_C233
UniRef100_C7RME3	P-type	bc_C525
UniRef100_C7RME4	CoBaHMA_X1	bc_C487
UniRef100_C8PIS1	CoBaHMA_X1	ubc_C201
UniRef100_C8PMT6	CoBaHMA_X1	bc_C583
UniRef100_C8W7F5	P-type	us_C175
UniRef100_C9KNI5	CoBaHMA_X1	ubc_C586
UniRef100_C9LXA9	CoBaHMA_X1	s_C636
UniRef100_C9N0P2	CoBaHMA_X1	ubc_C233
UniRef100_C9N0P4	CoBaHMA_X1	us_C355
UniRef100_C9N0P5	CoBaHMA_X1	bc_C685
UniRef100_C9N0P7	CoBaHMA_X1	usc_C299
UniRef100_D0GJ78	CoBaHMA_X1	ubc_C141
UniRef100_D0GJ79	CoBaHMA_X1	bc_C685
UniRef100_D1Y5F1	CoBaHMA_X1	bc_C583
UniRef100_D3MS73	CoBaHMA_X1	ubc_C233
UniRef100_D3RV89	CoBaHMA_X1	sc_C55
UniRef100_D3RV90	CoBaHMA_X1	bc_C444
UniRef100_D4CQ69	CoBaHMA_X1	ubc_C578
UniRef100_D4CT74	CoBaHMA_X1	ubc_C233
UniRef100_D4CT77	CoBaHMA_X1	ubc_C141
UniRef100_D4H2A7	CoBaHMA_X1	bc_C437
UniRef100_D4M9A0	CoBaHMA_X1	bc_C583
UniRef100_D4S636	CoBaHMA_X1	s_C702
UniRef100_D5C0X9	CoBaHMA_X1	bc_C399
UniRef100_D5C0Y1	CoBaHMA_X1	bc_C75
UniRef100_D5C0Y3	CoBaHMA_X1	bc_C444
UniRef100_D5C0Z1	P-type	s_C98
UniRef100_D5C2J8	CoBaHMA_X1	bc_C444
UniRef100_D5DEZ8	CoBaHMA_X1	ubc_C4
UniRef100_D5MEJ4	CoBaHMA_X1	bc_C75
UniRef100_D5P6E0	CoBaHMA_X1	s_C90
UniRef100_D5PAA7	CoBaHMA_X1	usc_C237
UniRef100_D5PCW5	CoBaHMA_X1	s_C280
UniRef100_D5RD39	CoBaHMA_X1	ubc_C233
UniRef100_D5V6Q3	CoBaHMA_X1	ubc_C201
UniRef100_D5VKL2	P-type	s_C670
UniRef100_D7DWV0	CoBaHMA_X1	ubc_C393
UniRef100_D7DWV2	CoBaHMA_X1	s_C577
UniRef100_D8F5K4	P-type	bc_C366_1
UniRef100_D8F5K7	CoBaHMA_X1	bc_C75
UniRef100_D8F5L5	CoBaHMA_X1	ubc_C393
UniRef100_D9SL23	CoBaHMA_X1	ubc_C233
UniRef100_D9SLF9	P-type	bc_C366_1
UniRef100_D9SLG0	CoBaHMA_X1	bc_C685
UniRef100_D9SLG1	CoBaHMA_X1	ubc_C141
UniRef100_D9X4P0	P-type	usc_C160
UniRef100_E0E4T8	CoBaHMA_X1	ubc_C141
UniRef100_E0E4T9	CoBaHMA_X1	bc_C685
UniRef100_E0P1E4	CoBaHMA_X1	bc_C399
UniRef100_E0P1E5	CoBaHMA_X1	ubc_C586
UniRef100_E0U920	CoBaHMA_X2	us_C448
UniRef100_E0U921	P-type	bc_C366_1
UniRef100_E0U924	CoBaHMA_X1	ubc_C393
UniRef100_E0U939	CoBaHMA_X1	usc_C742
UniRef100_E0UCR5	CoBaHMA_X1	us_C498
UniRef100_E0UCZ7	CoBaHMA_X1	usc_C663
UniRef100_E0UDR6	CoBaHMA_X1	sc_C623
UniRef100_E0UGR4	CoBaHMA_X1	usc_C555
UniRef100_E0UI06	CoBaHMA_X1	ubc_C93
UniRef100_E0UKM3	CoBaHMA_X1	usc_C254
UniRef100_E0UKP5	CoBaHMA_X1	usc_C553
UniRef100_E0UKP8	CoBaHMA_X1	usc_C410
UniRef100_E1JWZ8	CoBaHMA_X1	bc_C437
UniRef100_E1JWZ9	P-type	bc_C366_1
UniRef100_E1QED2	P-type	bc_C366_1
UniRef100_E1QED3	CoBaHMA_X1	bc_C437
UniRef100_E2ZBQ0	CoBaHMA_X1	bc_C399
UniRef100_E2ZBQ1	CoBaHMA_X1	ubc_C586
UniRef100_E3FPA8	ABC transporter	ubc_C520
UniRef100_E5YAK5	CoBaHMA_X1	usc_C321
UniRef100_E6MDU5	CoBaHMA_X1	ubc_C578
UniRef100_E6MFM3	CoBaHMA_X1	us_C465
UniRef100_E6VPD2	CoBaHMA_X1	bc_C437
UniRef100_E6W2J8	CoBaHMA_X1	bc_C437
UniRef100_E7N3U3	CoBaHMA_X1	ubc_C586
UniRef100_E8LKR4	CoBaHMA_X1	usc_C333
UniRef100_E8LKR5	CoBaHMA_X1	bc_C399
UniRef100_E8WS92	CoBaHMA_X1	bc_C202
UniRef100_E8WS95	CoBaHMA_X1	ubc_C725
UniRef100_F2JRX4	CoBaHMA_X1	bc_C685
UniRef100_F2NC21	CoBaHMA_X1	bc_C399
UniRef100_F2NC54	CoBaHMA_X1	bc_C437
UniRef100_F2NC55	P-type	bc_C366_1
UniRef100_F2NY78	CoBaHMA_X1	bc_C583
UniRef100_F3LQJ8	CoBaHMA_X1	us_C334
UniRef100_F3YUJ7	CoBaHMA_X1	bc_C437
UniRef100_F4EYX6	CoBaHMA_X1	s_C702
UniRef100_F5RIY1	CoBaHMA_X1	s_C702
UniRef100_F5RIY2	CoBaHMA_X1	bc_C399
UniRef100_F5YIT7	CoBaHMA_X1	bc_C583
UniRef100_F5YIT8	P-type	s_C712
UniRef100_F6DJU1	CoBaHMA_X1	s_C636
UniRef100_F6DJU2	CoBaHMA_X1	s_C603
UniRef100_F6DJU4	CoBaHMA_X1	usc_C260
UniRef100_F6DNI9	CoBaHMA_X1	s_C374
UniRef100_F8AAV4	CoBaHMA_X1	bc_C75
UniRef100_F9ELT2	CoBaHMA_X1	ubc_C141
UniRef100_F9MT26	CoBaHMA_X1	sc_C245
UniRef100_G0A1L6	CoBaHMA_X1	ubc_C320
UniRef100_G0A1U3	CoBaHMA_X1	bc_C487
UniRef100_G1URW8	CoBaHMA_X1	usc_C247
UniRef100_G2E3I0	CoBaHMA_X1	bc_C444
UniRef100_G2E3I1	CoBaHMA_X1	sc_C55
UniRef100_G2GPT8	CoBaHMA_X1	s_C679
UniRef100_G2H6K7	CoBaHMA_X1	bc_C437
UniRef100_G2HUB8	CoBaHMA_X1	ubc_C201
UniRef100_G2NZI0	CoBaHMA_X1	sc_C528
UniRef100_G4E7T5	CoBaHMA_X1	bc_C444
UniRef100_G4SV97	P-type	bc_C525
UniRef100_G5GZN3	CoBaHMA_X1	bc_C399
UniRef100_G6C2C5	CoBaHMA_X1	bc_C685
UniRef100_G7M1Z1	CoBaHMA_X1	usc_C274
UniRef100_G7QDA8	CoBaHMA_X1	bc_C202
UniRef100_G8AXA5	CoBaHMA_X1	us_C116
UniRef100_G8AXA8	CoBaHMA_X1	us_C88
UniRef100_G9WQM1	CoBaHMA_X1	ubc_C578
UniRef100_G9WW23	CoBaHMA_X1	ubc_C578
UniRef100_G9Y2D7	CoBaHMA_X1	bc_C437
UniRef100_G9Y2D8	CoBaHMA_X1	ubc_C352
UniRef100_G9YJT2	CoBaHMA_X1	us_C588
UniRef100_G9YJT3	CoBaHMA_X1	bc_C399
UniRef100_H0UJM9	CoBaHMA_X1	bc_C583
UniRef100_H1DBB7	CoBaHMA_X1	sc_C62
UniRef100_H1DBC0	CoBaHMA_X1	usc_C299
UniRef100_H1G2T1	CoBaHMA_X1	bc_C437
UniRef100_H1HU72	CoBaHMA_X1	ubc_C578
UniRef100_H1QEX5	CoBaHMA_X1	usc_C621
UniRef100_H3K4P7	CoBaHMA_X1	ubc_C586
UniRef100_H3KBX1	CoBaHMA_X1	us_C104
UniRef100_H3KBX2	P-type	s_C658
UniRef100_H5XV67	P-type	bc_C525
UniRef100_H5Y3W9	CoBaHMA_X1	ubc_C233
UniRef100_H5Y3X1	CoBaHMA_X1	bc_C685
UniRef100_H5Y3X3	CoBaHMA_X1	s_C636
UniRef100_H6SJT9	P-type	us_C181
UniRef100_H6SLG8	CoBaHMA_X1	bc_C437
UniRef100_H6SLH7	CoBaHMA_X1	us_C324
UniRef100_H6SS27	P-type	bc_C366_1
UniRef100_H7EPU2	CoBaHMA_X1	bc_C583
UniRef100_H8FVQ3	CoBaHMA_X1	bc_C437
UniRef100_H8FVQ4	CoBaHMA_X1	bc_C202
UniRef100_H8GBI8	CoBaHMA_X1	us_C463
UniRef100_H8GGU8	CoBaHMA_X1	bc_C437
UniRef100_H8GGV7	CoBaHMA_X1	ubc_C320
UniRef100_H8GQW7	CoBaHMA_X1	bc_C487
UniRef100_H8GQW8	P-type	bc_C525
UniRef100_H8IWM7	P-type	bc_C525
UniRef100_H8MF64	CoBaHMA_X1	ubc_C329
UniRef100_I0GMG1	CoBaHMA_X1	s_C636
UniRef100_I0HTR6	CoBaHMA_X1	bc_C202
UniRef100_I0WHJ8	CoBaHMA_X1	usc_C92
UniRef100_I0XAP1	CoBaHMA_X1	bc_C583
UniRef100_I2BBJ2	CoBaHMA_X1	ubc_C352
UniRef100_I2BBJ3	CoBaHMA_X1	bc_C437
UniRef100_I3CBI2	P-type	bc_C366_1
UniRef100_I3CBI5	CoBaHMA_X1	bc_C437
UniRef100_I3CBI6	CoBaHMA_X1	bc_C444
UniRef100_I3XY67	CoBaHMA_X1	ubc_C201
UniRef100_I3XY68	P-type	bc_C366_1
UniRef100_I3Y8J1	CoBaHMA_X1	bc_C444
UniRef100_I3YG68	CoBaHMA_X1	sc_C55
UniRef100_I4C057	CoBaHMA_X1	bc_C444
UniRef100_I4C058	CoBaHMA_X1	bc_C75
UniRef100_I4C2D7	CoBaHMA_X1	bc_C444
UniRef100_I4C5Q5	CoBaHMA_X1	bc_C437
UniRef100_I4CB87	P-type	bc_C525
UniRef100_I4CB89	P-type	bc_C366_1
UniRef100_I4EMY9	CoBaHMA_X1	us_C633
UniRef100_I4GI00	CoBaHMA_X1	usc_C48
UniRef100_I4GUZ5	CoBaHMA_X1	usc_C254
UniRef100_I4H6X3	CoBaHMA_X1	usc_C48
UniRef100_I4HZL7	P-type	bc_C366_1
UniRef100_I8RDC8	CoBaHMA_X1	s_C603
UniRef100_I9AR64	CoBaHMA_X1	usc_C260
UniRef100_I9L501	CoBaHMA_X1	s_C636
UniRef100_I9LJB1	P-type	sc_C612
UniRef100_J5I023	CoBaHMA_X1	bc_C399
UniRef100_J6I939	CoBaHMA_X1	bc_C399
UniRef100_K0AXW6	CoBaHMA_X1	bc_C685
UniRef100_K1JMJ9	CoBaHMA_X1	ubc_C584
UniRef100_K6D986	CoBaHMA_X1	ubc_C675
UniRef100_K6E718	CoBaHMA_X1	ubc_C521
UniRef100_K6TBU3	P-type	ubc_C413
UniRef100_K6TX37	CoBaHMA_X1	usc_C274
UniRef100_K8DZT5	CoBaHMA_X1	s_C374
UniRef100_K8GFC2	CoBaHMA_X1	usc_C477
UniRef100_K8GFG5	P-type	s_C550
UniRef100_K8GJJ9	P-type	bc_C366_1
UniRef100_K9CKG7	CoBaHMA_X1	ubc_C586
UniRef100_K9CWZ9	CoBaHMA_X1	bc_C399
UniRef100_K9Q7B0	Phosphatase	bc_C419
UniRef100_K9QAC1	CoBaHMA_X1	ubc_C393
UniRef100_K9QRX6	Phosphatase	bc_C419
UniRef100_K9QXA6	CoBaHMA_X1	bc_C341
UniRef100_K9R0N1	CoBaHMA_X1	ubc_C393
UniRef100_K9R1H0	CoBaHMA_X2	us_C376
UniRef100_K9R2J3	CoBaHMA_X2	bc_C331
UniRef100_K9RQ15	P-type	bc_C525
UniRef100_K9RRC2	P-type	s_C94
UniRef100_K9RVG3	CoBaHMA_X1	ubc_C93
UniRef100_K9S008	GlyX3	bc_C192
UniRef100_K9T0K7	CoBaHMA_X2	s_C687
UniRef100_K9T588	CoBaHMA_X1	us_C208
UniRef100_K9TK77	CoBaHMA_X2	s_C409
UniRef100_K9X6T4	CoBaHMA_X2	s_C687
UniRef100_K9X7Z1	CoBaHMA_X1	ubc_C393
UniRef100_K9Y7W9	CoBaHMA_X1	ubc_C283
UniRef100_K9YF95	P-type	s_C42
UniRef100_L0DTE9	CoBaHMA_X1	bc_C444
UniRef100_L0DTG2	CoBaHMA_X1	bc_C202
UniRef100_L0DVC0	CoBaHMA_X1	bc_C437
UniRef100_L0GXW7	CoBaHMA_X1	bc_C444
UniRef100_L0H046	CoBaHMA_X1	bc_C437
UniRef100_L0H0L2	CoBaHMA_X1	sc_C55
UniRef100_L0R9N1	CoBaHMA_X1	bc_C437
UniRef100_M1R706	CoBaHMA_X1	usc_C356
UniRef100_M1WSG4	CoBaHMA_X1	bc_C437
UniRef100_M2BCW0	CoBaHMA_X1	bc_C583
UniRef100_M2Z3U3	CoBaHMA_X1	bc_C437
UniRef100_M4U2A3	CoBaHMA_X1	ubc_C352
UniRef100_M4U5V6	CoBaHMA_X1	bc_C437
UniRef100_M5IHA4	CoBaHMA_X1	ubc_C201
UniRef100_N6Y357	CoBaHMA_X1	bc_C437
UniRef100_N6YAS7	CoBaHMA_X1	ubc_C320
UniRef100_N6YEU5	CoBaHMA_X1	bc_C437
UniRef100_Q210N1	P-type	bc_C366_1
UniRef100_Q210N4	CoBaHMA_X1	bc_C437
UniRef100_Q2RQJ9	CoBaHMA_X1	bc_C437
UniRef100_Q2W359	CoBaHMA_X1	bc_C487
UniRef100_Q2YD29	CoBaHMA_X1	bc_C75
UniRef100_Q314V2	CoBaHMA_X1	bc_C437
UniRef100_Q315V5	CoBaHMA_X1	bc_C437
UniRef100_Q315V6	P-type	bc_C366_1
UniRef100_Q3AI40	P-type	bc_C140
UniRef100_Q3AI42	CoBaHMA_X1	us_C619
UniRef100_Q3M2X7	CoBaHMA_X1	ubc_C393
UniRef100_Q47EZ8	CoBaHMA_X1	bc_C487
UniRef100_Q5P8B6	CoBaHMA_X1	bc_C202
UniRef100_Q606U9	P-type	us_C52
UniRef100_Q60AP3	CoBaHMA_X1	bc_C487
UniRef100_Q60BE2	CoBaHMA_X1	us_C737
UniRef100_Q6N7C0	CoBaHMA_X1	bc_C202
UniRef100_Q72EI8	CoBaHMA_X1	bc_C437
UniRef100_Q7MR87	CoBaHMA_X1	bc_C437
UniRef100_Q8DMV2	GlyX3	bc_C192
UniRef100_Q8YVH2	CoBaHMA_X2	bc_C331
UniRef100_Q8YVH3	CoBaHMA_X1	s_C706
UniRef100_Q8YWA0	Phosphatase	bc_C419
UniRef100_R1AS97	P-type	us_C655
UniRef100_R1CB45	CoBaHMA_X1	us_C29
UniRef100_R1CS51	P-type	ubc_C413
UniRef100_R4K8I0	P-type	us_C99
UniRef100_R4MJ22	P-type	s_C8
UniRef100_R5EHL9	CoBaHMA_X1	ubc_C5
UniRef100_R5EVV2	CoBaHMA_X1	bc_C399
UniRef100_R5Q7W6	P-type	s_C658
UniRef100_R5X3X2	CoBaHMA_X1	bc_C685
UniRef100_R5XDB0	CoBaHMA_X1	ubc_C141
UniRef100_R5XNK8	CoBaHMA_X1	ubc_C233
UniRef100_R6B0P8	P-type	bc_C366_1
UniRef100_R6TVN0	P-type	s_C744
UniRef100_R7BNF1	P-type	bc_C366_1
UniRef100_R7C359	P-type	bc_C525
UniRef100_R7CID1	P-type	s_C691
UniRef100_R7I6S5	CoBaHMA_X1	us_C462
UniRef100_R7KQ84	P-type	us_C735
UniRef100_R7KRS5	CoBaHMA_X1	ubc_C584
UniRef100_S3JA02	CoBaHMA_X1	us_C709
UniRef100_S3LCU2	P-type	s_C744
UniRef100_S3XHF6	P-type	s_C40
UniRef100_S3XY40	CoBaHMA_X1	ubc_C201
UniRef100_S4XQ72	CoBaHMA_X1	ubc_C344
UniRef100_S4XUQ5	CoBaHMA_X1	ubc_C329
UniRef100_S7HRU1	CoBaHMA_X1	bc_C399
UniRef100_S7J8D4	CoBaHMA_X1	ubc_C586
UniRef100_S7T5K3	CoBaHMA_X1	bc_C202
UniRef100_S7T754	CoBaHMA_X1	bc_C437
UniRef100_S9TPA3	CoBaHMA_X1	bc_C437
UniRef100_S9TUY7	CoBaHMA_X1	us_C335
UniRef100_T0T6H1	CoBaHMA_X1	us_C33
UniRef100_T2G8C2	P-type	s_C40
UniRef100_T2G9F0	CoBaHMA_X1	bc_C437
UniRef100_U2KE12	CoBaHMA_X1	s_C308
UniRef100_U2L905	CoBaHMA_X1	us_C68
UniRef100_U2LTQ4	CoBaHMA_X1	bc_C399
UniRef100_U2LWP6	CoBaHMA_X1	bc_C583
UniRef100_U2SKL7	CoBaHMA_X1	ubc_C233
UniRef100_U2SSM1	CoBaHMA_X1	ubc_C586
UniRef100_U2TEY8	CoBaHMA_X1	us_C676
UniRef100_U2V546	CoBaHMA_X1	ubc_C141
UniRef100_U3CPZ2	CoBaHMA_X1	bc_C437
UniRef100_U5MUT6	P-type	ubc_C413
UniRef100_U7QH97	CoBaHMA_X2	usc_C559
UniRef100_U7QJ82	CoBaHMA_X1	ubc_C283
UniRef100_U7UG21	CoBaHMA_X1	ubc_C586
UniRef100_U7UH61	CoBaHMA_X1	bc_C399
UniRef100_U9W486	CoBaHMA_X1	ubc_C283
UniRef100_V4IMC6	CoBaHMA_X1	ubc_C233
UniRef100_V4J9W1	CoBaHMA_X1	ubc_C141
UniRef100_V4JX42	CoBaHMA_X1	us_C349
UniRef100_V5FLL5	CoBaHMA_X1	bc_C437
UniRef100_V5HMV8	CoBaHMA_X1	ubc_C352
UniRef100_V5V6W9	GlyX3	usc_C724
UniRef100_V5V933	P-type	bc_C20
UniRef100_V5WE85	CoBaHMA_X1	ubc_C141
UniRef100_V6EWK8	P-type	bc_C525
UniRef100_V6F6X0	CoBaHMA_X1	bc_C202
UniRef100_V6F8S0	CoBaHMA_X1	bc_C437
UniRef100_V6K9Z8	ABC transporter	bc_C538
UniRef100_V7ND07	CoBaHMA_X1	usc_C237
UniRef100_V8C957	CoBaHMA_X1	us_C394
UniRef100_W0SHT6	CoBaHMA_X1	bc_C487
UniRef100_W1Q6E9	P-type	s_C712
UniRef100_W1SAE0	CoBaHMA_X1	ubc_C521
UniRef100_W1SB97	CoBaHMA_X1	ubc_C675
UniRef100_W6N5N2	CoBaHMA_X1	bc_C685
UniRef100_W8L7S5	CoBaHMA_X1	bc_C437
UniRef100_W9VUZ5	CoBaHMA_X1	bc_C444
UniRef100_X0PY98	CoBaHMA_X1	s_C280
UniRef100_X7YI03	P-type	s_C589
UniRef100_X7ZT71	CoBaHMA_X1	s_C90
UniRef100_X8A7C9	CoBaHMA_X1	bc_C71
UniRef100_X8AEA9	P-type	us_C723
UniRef100_X8AY97	CoBaHMA_X1	sc_C704
UniRef100_X8BLG9	CoBaHMA_X1	bc_C71
UniRef100_X8CAT3	CoBaHMA_X1	s_C383
UniRef100_X8CK65	CoBaHMA_X1	us_C422
UniRef100_X8HQE8	CoBaHMA_X1	ubc_C141
WP_052289956.1	GlyX3	bc_C192
